temperature,humidity,wind_speed,cloud_cover,pressure,rain
27.483570765056164,85.99033154879004,11.624108625128091,11.843848842452182,1004.3650639503506,1.0
24.308678494144075,78.86950524369153,14.277406646422412,32.79229978440996,1012.6879651106092,0.0
28.23844269050346,65.89445554880261,11.037900395000193,41.72788933156711,1013.1801687204445,0.0
32.61514928204013,55.295948334416394,13.460192351804798,87.7537531468038,1017.726303458434,0.0
23.829233126383322,75.47334970420386,5.531926665231072,61.13106249067516,999.3314163671918,1.0
23.8293152152541,70.90228078132624,16.066468536864694,23.290368618002173,1018.9256727384733,0.0
32.896064077536955,78.42789830041599,15.00602737681112,59.72072578835274,985.9560836839722,0.0
28.837173645764544,74.52757702522955,10.914556844659046,19.05392022123269,1006.7011544763619,1.0
22.65262807032524,80.74329072979003,18.296228342162024,71.65382107774147,1008.1172615754846,1.0
27.712800217929825,56.97147182659148,19.68785068813279,40.57750696364243,1019.3332682607124,0.0
22.682911535937688,84.76091098451488,6.9622006781551296,48.12727622521658,1013.2263085267687,0.0
22.671351232148716,67.963994070386,11.186376107168929,76.5159329508438,998.9443694614372,1.0
26.20981135783017,96.12891308937898,11.154288251063509,24.256728628315003,1003.1500687418298,1.0
15.43359877671101,54.66218272865648,10.300484494455677,22.057636297740174,1014.9868000954741,0.0
16.375410837434835,91.03945704747875,19.147374209658743,38.328013473079906,1012.2093265813544,1.0
22.188562353795135,67.96866175193972,14.030869306135983,70.76757702038634,1007.2087589036425,1.0
19.93584439832788,55.22872994578327,13.677425793446947,19.613078490463153,1008.1916621048802,0.0
26.571236662976368,57.741712489185176,4.980688177966233,-6.643111962211378,1019.9616799715928,0.0
20.459879622393945,60.1947903770852,18.17709015104613,40.97682283182002,1007.8230742713079,0.0
17.938481493323543,71.36248919602875,8.803708025732638,61.034815998218406,1012.1190875597092,1.0
32.32824384460777,72.8425323205325,15.299663151331641,74.00523499477659,1034.6993658808053,0.0
23.871118497567323,56.394499940921314,16.386884689790957,40.73677275829202,998.7631736311607,0.0
25.33764102343962,64.63468111608526,21.803292979193255,41.77146785767995,994.4815726842534,0.0
17.87625906893272,97.13405537917795,8.455898004404439,73.07801468511494,1020.835896647986,0.0
22.278086377374088,90.91314755151066,-0.09756077910412664,12.605166006091586,1006.213569387059,1.0
25.55461294854933,71.54485504511048,15.919247723768475,42.22958449633981,1009.8176247225738,1.0
19.245032112888488,65.570052172523,24.002555907554267,53.80847779850116,1005.1884362186888,0.0
26.87849009172836,66.80046990077392,21.19473176469719,58.984374425700686,1010.4019985923248,0.0
21.996806550405974,74.20276959095625,16.048297076373128,39.80386613618235,1028.9853811209634,1.0
23.541531251033618,49.658111522023916,12.541819071839763,50.688820234116825,1021.0212845861812,0.0
21.991466938853016,61.139351938649824,19.035612983186553,0.2334529317402101,1021.6222351188698,0.0
34.26139092254469,39.97123889183616,10.132269001477656,36.83503175332304,998.8377294420735,0.0
24.93251387631033,70.98834683907918,17.381788846781095,59.07017425108935,1001.4884626344713,1.0
19.711445355220498,74.70793909554112,17.527350795833133,30.35411931490641,984.6092134051457,1.0
29.112724560515943,57.75220306550939,20.3010495374944,51.17968443179195,1004.9061917891725,0.0
18.895781750144888,88.6098014493505,28.798300194555388,58.93745001605396,1022.5670318638565,1.0
26.044317975023777,46.61351505496488,16.962079835893835,43.1490159828447,1018.1694651574837,0.0
15.201649380601122,43.0343767968527,12.455181871462507,53.40927541993142,1010.7848673704788,0.0
18.359069755507846,68.36677727839958,14.872128439040027,30.745348694307754,1012.7769971628195,0.0
25.984306179345616,80.70647453918232,6.15462047555441,45.867774406079064,1006.1111445742459,1.0
28.692332899977053,90.25891537186803,11.526434344554708,62.20432339178445,1015.0475888240178,1.0
25.85684140594985,58.1167360569659,12.953587809434481,53.13945921936868,1020.6587827948061,0.0
24.421758588058797,81.18021250146944,12.379558010327038,38.26937460872129,996.8411321258952,1.0
23.494481522053555,64.42237295748939,15.76177436016861,54.48432808581586,1015.9964768783735,0.0
17.607390048162863,62.41059050088771,10.887900338088997,64.29219581273236,1022.3243487095467,1.0
21.400778958026457,78.25489906230008,20.605153336622358,9.00117442845044,1008.8489971103663,1.0
22.696806145201062,74.78484317620129,15.001035324590985,73.18148129911796,1020.0070061212058,1.0
30.285611131094576,41.35411764523626,14.953498394306928,43.274905226378564,1041.1465444447256,0.0
26.71809144784231,87.14810524588844,13.36052641743541,58.509798664804606,1011.9565720701311,1.0
16.18479922318633,85.70137031221176,15.775953419294895,73.94493847290455,1016.9330705000532,1.0
26.620419846973974,55.61655947735706,19.125491323338174,22.566526055390682,1005.619429163386,0.0
23.074588597918417,70.93705300156114,10.664348921445498,35.81117995144907,1014.8125116260205,1.0
21.615389998470206,72.41045279424108,11.709417554623716,44.2290260824859,1017.6027162498231,1.0
28.05838144420434,68.9101064873586,13.481369856116677,34.32492957751143,1014.9484234027013,0.0
30.154997612479754,56.7454226923187,8.270645382633926,84.69873151673616,1002.8030468029115,0.0
29.656400595580994,54.92564948092922,10.903710701392512,32.86455812346415,1015.0636177132545,0.0
20.803912383886807,64.61668893512832,12.618895632276704,38.88906441026267,1027.6219593871763,0.0
23.453938120743928,82.59093528889048,19.37194590356364,54.087780632059534,1017.4863576451453,1.0
26.65631715701782,73.15400231891648,16.312806645009626,25.957009478478223,1022.6198718907184,0.0
29.877725635611796,59.44078501870841,15.967949556837722,42.08638576487472,1010.6298802998738,0.0
22.60412881077355,76.57548065972517,19.25448981083986,56.3490652250035,1020.4990023942371,0.0
24.071705116680914,22.27186069054887,14.313141058003017,43.342791912349774,1015.7926783821653,0.0
19.46832512996986,82.23148550558156,16.952324249644448,48.13226282200103,1003.4908927031277,1.0
19.018966879596647,38.904293318328506,14.483891235337518,39.413357751032585,1016.1852100479888,0.0
29.062629111970992,59.563385878953014,16.326811746998143,19.71059381638466,1003.0830333655969,0.0
31.781200142854114,48.20495158060784,12.08620671194209,56.43186422678477,1006.6711972511521,0.0
24.63994939209833,45.57977786418641,2.805914208617855,85.09866143294482,1014.8932830729237,0.0
30.01766448946012,82.41240181067779,14.328604189068479,50.36803261566876,1015.9724427338012,0.0
26.80818012523817,57.98448198032163,22.113740680499703,54.50528234495099,1001.1076753492287,0.0
21.77440122697438,70.19755822596073,19.631077011207964,63.85445510233719,1023.5398577118287,1.0
26.80697802754207,64.29619131681224,19.826987422955852,24.613390069066018,1018.7200627830048,0.0
32.690182832329846,72.15561240834683,21.18065360903109,84.05029316259211,1005.9527156438911,0.0
24.820869804450243,66.15232836590383,15.443287954807188,54.04657592845604,997.6241520355082,0.0
32.82321827907003,45.755116637171454,15.986578537027977,82.63713798178217,1011.5509542091856,0.0
11.901274479551278,79.94400229170711,11.91174052282825,35.33934008952021,1008.5405628613884,1.0
29.10951252187612,57.593651252580315,13.41963571986475,86.3612384511565,1014.1314045705302,1.0
25.435235341190857,41.651271520103734,18.07885574885571,65.50310988069566,1009.3688333884444,1.0
23.504963247670663,58.578272585511314,21.019422185844082,61.06080171704717,992.9254313925499,1.0
25.45880388267751,87.51139685951466,14.302768621595002,54.68048908706296,1009.1165306169884,1.0
15.062155426995536,77.7533261317024,12.749053675742942,45.02942763851101,1009.9438088893169,1.0
23.90164056081244,59.77021798388211,15.002639794282986,74.01063316947744,1019.3366102477406,0.0
26.78556285755873,59.76113443522357,18.006033744645574,52.80719739696094,1006.0180032538894,0.0
32.38947022370758,60.17547423173926,7.780725919332291,10.658605928256954,1029.7867467337257,0.0
22.40864890863176,96.15121975341262,3.5190952343138093,27.65627076585995,993.8835944934824,0.0
20.95753198553406,70.7290317834733,12.247315752542082,46.28308495614505,1026.1116749780263,1.0
22.491214782077318,71.45062470786604,8.896437870429207,56.1999796633111,1010.7568102912189,1.0
29.57701058851037,80.45425181047763,12.459299011763445,48.86823022200208,1021.5958487234356,0.0
26.643755548298422,68.5818373853977,14.261098405912643,74.37941579587326,1013.7980148405874,1.0
22.351198981164806,61.11436781268945,12.733757954884933,10.977962719227506,1024.3955553602548,0.0
27.56633716556678,62.05475226372533,22.262337672353727,52.8717587301032,1009.1263803544718,0.0
25.4853877467402,63.92598110878904,16.6337238230116,13.640415492256906,1002.0137957482219,0.0
29.843224952664446,64.44166645235238,16.502371798054142,65.19424590968336,1027.2050428727107,0.0
21.489734530613237,75.9144431545547,18.11103572021701,48.11082571115995,1011.8651935411785,0.0
23.361689267011158,65.77918828710949,9.305834411096154,58.392199440482365,1015.2155847362421,0.0
23.039459234339212,75.98960115823368,20.195558937101342,32.722340788204676,1025.347519140448,0.0
17.682425259339407,63.78925129837126,14.621178567322701,75.58929863315502,1002.6804475790557,1.0
26.48060138532288,66.17952785474137,18.352403086206063,70.83449328117703,1018.9549089763925,1.0
26.305276360899448,35.026989732018386,9.640713834799222,61.67088606023775,1007.1010524353711,0.0
25.025567283212304,78.74491512053723,7.231206169919679,47.40965506273118,1011.6783064435563,0.0
23.827064333124266,70.19732713846989,19.089448290125144,61.59714570590264,1013.7227896538429,1.0
17.92314628974793,79.97015164789478,16.882047630487584,35.862148640253025,997.9977813855306,1.0
22.896773386173205,21.556169327094658,10.489742228212448,67.11111318041424,1005.2116295717957,1.0
23.286427417366152,96.32562057171091,10.651684593626527,82.98961788647841,1026.5107289241314,1.0
20.988613653891903,62.90615557767239,20.627173922073847,71.41221119958372,1021.8619118858479,0.0
24.193571441669953,81.62274225106275,9.05294053566336,35.40795060385181,1012.3736042267277,0.0
27.020254284072692,49.401411093117034,23.213364766279817,57.22834634546206,1015.4312345851289,0.0
34.43092950605265,74.19160857593855,10.496896326760655,24.137169124827047,1010.0575749436355,0.0
25.872889064159196,49.198766552395156,18.191959628041914,61.44780622351352,1026.5658338582798,1.0
26.28775195361382,55.64346558956292,13.356907621255077,59.012068257250775,1010.9964742220584,0.0
24.627770421169163,93.71047030800179,18.015937155411716,12.603673209356721,1015.3184209213484,1.0
15.406143923504793,62.1397639885498,12.279429989429037,26.764323121752724,1024.4603014414206,0.0
24.867430622753915,68.26149309769585,14.18603546963853,44.33722206512466,1005.2262851515409,1.0
25.301151049705133,78.05101596033131,15.204595876978606,43.98280505718348,1028.587891844969,0.0
37.316210562426434,72.43522831958907,9.989062721092637,25.810461291623895,997.6953859025663,0.0
24.038195176094387,67.25628357715365,18.704121727100627,57.779574587043676,1029.296421311128,0.0
26.507736711668063,70.47441503699338,12.433932167642073,55.02947217881024,1009.2732441604802,1.0
24.826441151473784,101.05123377857413,13.857000423299906,46.11461736042961,1010.5730125217472,1.0
19.15660981190234,64.13571804449622,10.028253126957438,34.88416999683274,994.0998982881706,0.0
30.714114072575104,68.01648570072452,2.1883317060234475,70.97414252833127,1008.452052826223,0.0
28.759665163433873,80.75981594011418,14.044861186999155,83.1081422617659,1002.6019346897311,1.0
28.955159735215233,81.58288899436975,27.06307710806458,40.32877032306926,1006.9235365462653,0.0
20.453062726026303,82.8054545834057,18.92302143949012,37.75666165690359,1011.6268903421112,0.0
32.013971554680495,74.58095333043777,14.903698101328027,59.82415330823993,1022.5779161447291,0.0
17.990744686038596,47.854926309042746,13.685545853958661,42.83941240506027,1015.0760335140062,0.0
27.934285469001352,89.50147298451644,15.112329464060231,47.212055986735315,1016.0767665340111,1.0
35.952278129049894,47.804819104719684,17.73559557587605,64.79306303449343,1002.0448061115444,0.0
20.04731837434656,69.5395319785855,9.095935923455777,11.812878249854144,1004.1924591039727,0.0
22.16851135198614,53.68586224970963,20.571608473344362,76.36604649705339,1030.9872501835132,0.0
25.498256825438204,64.0379248011051,18.57690657720622,51.453610486586825,1005.6479896523675,0.0
22.482621729419005,69.9314361545522,18.59092862853967,41.770137108756394,1029.5620825205729,0.0
17.246682844669337,69.8203582317541,17.192378694048635,48.21531691557102,1010.5693880111913,0.0
25.342814874030136,71.32881131352927,15.09808328846995,49.248587100410376,1013.022879361435,1.0
19.688481431369475,89.20566903587971,18.3643061798341,15.375973931101491,1023.7036516022993,1.0
27.36796215317591,71.8030145227097,17.95907066870689,79.89876454906472,1025.7189242193865,1.0
20.402878828830985,61.33765047064027,13.22979644529488,50.82651264541237,1011.8918743972091,0.0
32.7496720250877,79.46130752432536,12.131991135515495,58.8600426089475,1009.1175694647847,0.0
21.083733538318814,82.8420573338696,15.509281476309933,69.03099541148086,1012.4407955147778,1.0
23.38969241897162,46.58588277294511,22.74510075747594,29.576750848793996,1016.3795752823212,0.0
29.067586086848348,73.96100104774787,8.804464621730496,59.46943798070457,1021.9130368686975,0.0
18.845678417830225,75.51759113466348,7.6623736712378,44.64717818202413,1013.0422985899415,0.0
26.137299673020646,60.53654744960012,15.823804206182583,66.93541550432988,1019.1888629802315,0.0
31.53571377141214,85.6356021996743,15.25443850928009,7.455451592970093,1029.3835973227094,0.0
16.96258382719386,62.7491661945121,15.866708321852041,48.01811399517462,1016.8130961226478,0.0
25.92316929266152,66.88364680207313,16.219765989542502,37.943586884320766,1016.1165285600478,0.0
26.299413971242117,62.40392263574196,13.883988726825974,58.64525901268311,997.8108917490994,0.0
28.90911435888655,65.23368571372201,22.449317193010412,59.40088374736404,986.6926986317094,0.0
18.81524644560959,48.55587369657197,6.995480107617421,35.84748210355948,1016.8837572923017,0.0
18.397716934578618,43.39923676108559,10.857514876098769,35.756522716479125,1012.0517576871913,0.0
27.60970782808449,88.91757594837458,14.483726199254763,47.78669262885341,1007.8521732508526,1.0
26.48492336616593,52.29557977522508,6.784055944229163,32.06715545369583,1015.4353020418635,0.0
26.252464251729382,50.129114758155396,14.120727977839644,66.83967390904255,1012.3959627080309,1.0
26.732241047484877,32.699148295944276,23.30735082864009,42.61585599105108,1024.277802506339,0.0
21.599876392107547,55.41557378465747,15.104432441479808,-8.13976438643283,1013.8611086825898,0.0
26.161268485805017,45.153653098887524,16.153504528593416,42.503558867563875,1005.5307671492983,0.0
26.465362366493405,89.63022740204553,8.699176174137099,29.229123583120554,1022.9016623895928,0.0
21.42824290986816,80.1472563401395,11.918192959802614,17.37448369078109,1010.828689250538,0.0
34.328872555723784,54.67774482233414,13.124018098380315,25.25146723554855,1018.265366836723,0.0
27.36916460455894,98.78653708016463,13.41142451621883,52.1881694366594,1008.225892938072,1.0
19.043482513986756,79.72648230487391,21.408218975018844,76.57281656496463,1006.5017311450256,1.0
28.28276804316915,60.12752924737066,17.78845530362562,56.2636894772996,1013.841682301857,0.0
20.126591648863393,27.508914276896405,9.44271021531484,37.869932235685205,1013.1282864354368,0.0
28.93542301871226,99.36413858886112,16.232523892160025,59.11808390341405,1017.7982703536684,0.0
30.79297789503702,44.15641299854606,17.491108742483924,40.81819379562016,1010.3135424669026,0.0
20.89658840824145,40.31901879564663,20.700745192606334,36.10799261673711,994.636402162296,0.0
29.81688064622161,80.3385564801446,22.902703432841868,26.912746635340312,1008.6722611641161,1.0
27.06390463468249,101.59628609508908,9.924529040860657,14.96342386496562,1020.9381846714382,0.0
29.11030079997245,85.76409227765777,10.94571244394831,42.201525868811096,1010.0262392075689,0.0
34.48396491326974,73.4586368007854,8.71211070542692,53.161069798402636,1010.5361659748545,0.0
23.773059419985646,73.92131512497929,13.829900704465093,48.067526599702205,1022.8637650590593,0.0
21.23131917821255,77.80123338170462,17.331791872231673,41.68066144105283,1005.8802677274108,1.0
20.552427851872384,76.38392884680148,19.93667258294551,31.08507878606438,997.571967817571,1.0
20.920948575172808,69.21787135954064,14.620244881787386,62.16492383369937,1011.393688804745,0.0
24.614491452929478,66.56301655927814,13.40076238372578,23.657361601068303,1008.1582604875126,0.0
26.70575987408322,64.06110308150717,15.758789961243702,65.52055827686951,1003.3375368024674,1.0
26.383453996650097,53.690531166999854,10.824285491849885,29.955659621465504,1011.2462154410131,0.0
29.13591624518012,60.78987384699839,25.447693608473866,34.9512952529393,1017.9150564724679,0.0
25.065009459389536,39.605647787069216,6.961694864409706,20.66429618768646,1012.9071143843219,0.0
32.26767038578659,63.52490559807875,15.923702894478623,39.97195706228727,1016.0698107268623,0.0
23.67671583381022,50.17113339273624,25.118031096148197,69.50624916955958,1031.1340769851543,0.0
38.600845832948096,48.44616024176344,15.03399922279999,60.31256176887913,1009.5712113844244,0.0
28.12833673882503,67.69841226730217,14.049804824992528,69.5684422405607,1015.7834863464467,1.0
20.714212217918586,85.880034295169,13.212772885947864,60.442850918678715,1007.9078663740087,1.0
19.64553750969444,78.7747490900347,14.098041591187961,27.926603429392614,1004.5364028011303,1.0
27.412362076215928,41.442490945652345,21.864242373382652,43.38421551344885,1007.1509234658223,0.0
23.882686073370746,50.15557795144494,3.940690443352466,34.39601741765075,1008.2124142847831,0.0
28.57000247046046,79.11156781982324,22.667168506481627,76.6114980807808,1016.5947579754712,0.0
27.366188122867726,50.26268909692536,7.880214237749275,26.06422707147377,1036.4907578670077,0.0
24.635855436715637,61.63050275004463,13.666738353827926,67.87395378778221,1005.8395656372415,1.0
20.766031409657977,73.25078148536828,12.85377789850669,67.85907740217539,1008.8337469438454,1.0
17.425763876570677,50.47483317704547,17.9427663488536,86.59240403432175,1012.3687698688875,1.0
22.767425239664895,66.5806325921894,7.009378240581262,41.80626814741005,1016.9579884870975,0.0
29.28199397161736,44.989617576226934,17.310863330409713,64.24644319160325,1015.6355081195478,0.0
26.07046872065102,55.9794853407318,25.121548116434262,95.63303673077685,1025.840957939481,0.0
18.771306106440058,69.79672901213806,8.184129977035948,37.647166461326066,988.7360792946479,0.0
25.86590462925591,41.105093997024966,15.948530838051978,19.299195049352807,989.1307012980433,0.0
26.926586898644185,71.60712106940599,11.690089111016954,12.399799321844725,1008.0412182798985,1.0
20.580712818994336,64.70543301609978,17.12943603096518,64.25424057722662,1023.973001875437,1.0
25.76862552972764,73.28734931625722,15.09573888707876,12.336995838828322,997.343519683944,1.0
25.29104359223,68.35871201096992,11.792565454778451,42.553618941241545,982.9236766030624,0.0
19.285148510846884,85.46210644960766,17.43936142435537,58.74626374077921,1018.7117940621921,1.0
26.788936801741418,66.87836753971861,24.021740548933714,53.70351073659828,1015.4365722370271,0.0
27.80392263184117,58.558916883121206,14.045481041363507,58.508897283683446,1002.0979159320057,0.0
30.415256215876383,66.83446254548426,18.59878971074091,54.44579711601708,1003.1446039927907,0.0
30.269010260174515,73.14947043554582,8.533635210644182,75.57731626626787,1003.3025628036532,0.0
18.111653160214544,65.73290105488556,10.217818115909957,30.95367238522406,1014.1053531747394,0.0
20.310874800424386,65.60887536805824,17.362031389401885,36.460097230829376,1006.73684723817,0.0
27.5751763360433,54.47012468289867,22.420580142679825,34.54681109458352,1017.9406391897552,0.0
27.568929754561044,55.05648623673578,16.7780667439283,66.60383623725221,984.4537333709561,1.0
27.575238431530238,43.96092092300459,13.434709847384228,68.00797176790127,1004.4314813487221,1.0
44.26365745327361,91.24365114780409,14.99645702711677,59.02450638637016,1001.7394603908895,0.0
27.854452553465833,46.34205146913072,8.747961330151412,73.66987333779855,1010.4365932162751,0.0
30.677828200902994,54.60642203306139,18.022576631776833,26.439182652472386,1007.6195224150986,0.0
29.770008817466014,54.22389101646204,19.411665311617046,83.34448223102274,1020.9784377989577,0.0
28.25695625652899,78.42386565416662,12.739548335834598,80.46477243424516,994.4066322833994,1.0
23.42365377679827,60.57575482561958,12.649789261202493,64.71243994491493,1013.4549147633076,1.0
28.794846102466337,83.716131090106,16.329391148260243,85.6359781754212,1018.5833642321171,1.0
21.13587392731214,54.897640636341976,12.816401319797023,16.867535846444525,1031.5664743656196,0.0
23.815906966299956,69.18491243335703,14.669336926870887,39.51103727474696,1008.1823402890652,0.0
22.573182260854484,52.46979420110364,25.49860894583258,35.29393078636095,1016.2445860435251,0.0
25.409370696931614,97.17723691660083,13.764871496270016,64.42958647514686,994.9613720743763,1.0
36.573292833367546,47.18602371455731,13.20829923989389,28.997185207957088,989.0804379568698,0.0
15.66367403704126,69.64731065340541,11.762290971824203,65.14990298674971,1021.447743757817,1.0
28.43130095187257,74.50665321398148,18.720959857499682,77.41072287993427,1012.9443970635193,1.0
16.936420644051744,71.20698646177247,14.093879133909486,63.904058001679985,1024.7851268979841,1.0
22.640340671052833,62.220685116834375,11.75313480839287,55.67502047323002,999.2659711103025,1.0
30.444752984836832,63.05268950399861,21.60652016136506,30.242533181985017,1018.1990213952876,0.0
25.321400095477316,65.65717207968665,22.098015022568184,33.0629806774927,1031.6881784054385,0.0
19.61127611035347,62.79496997557267,11.997882171306475,74.99237810593334,1017.1970560835726,1.0
21.42348145370016,79.45818675192365,5.6673002431969195,65.58698007810665,1015.7658150559105,1.0
28.39798874467338,98.15784502387027,20.03756844918461,49.21960961244912,1013.0855608082435,0.0
21.34816684141432,56.637623224882496,11.57685087119998,41.64180908468219,997.2911854287408,1.0
26.082292947909874,44.45295530631383,18.953127995813844,9.48384253777246,1026.5557293571035,0.0
25.22785919951907,63.67576927473118,5.149480911440822,28.582951626311225,1006.8914236019493,0.0
21.741998261970913,103.69564006481477,19.462986691496546,88.22838174279447,1018.0448325638301,1.0
35.719720446626624,52.944881480454036,8.944140353596094,24.390888579950666,997.3696569342875,0.0
28.169595111590056,89.58675208166102,18.653820595332622,53.78959642442161,1001.2054033549222,1.0
14.874287066711965,90.1655122111466,15.07136533918217,70.14887946390397,1027.3508739922224,1.0
25.93227157384714,56.69617637438008,10.230302903016776,24.90154663995415,1009.5269771104216,1.0
21.69106767615806,73.53474618777913,12.964818435366098,53.694209495621664,1027.5327547604254,1.0
29.26216667398112,89.42594934692806,18.431592284783505,68.7583107502131,1012.2176934094148,1.0
21.037396307836495,59.313083885187694,15.529472265576171,50.24998643814501,994.5810222704214,0.0
24.426317792665504,61.946294598464576,17.922064902362422,107.36806111333536,1021.9206759973172,0.0
27.524936394902287,56.274786290770344,24.882202922577427,16.628014822436093,1007.1010768224439,0.0
29.328775970850607,49.778649039607,7.178791941444743,71.17457059767759,1019.9868881351705,0.0
18.998517964721117,55.26083682400989,23.08606287484312,46.54396525207071,1013.2521086754008,0.0
23.327493820795258,46.64089599856615,15.521779687616064,65.43840309673351,997.5688177205712,1.0
22.62527344419522,65.51125202388839,10.50607975838436,58.82614303398492,1014.6429476537057,0.0
21.73335383713144,53.450401534120374,8.348431871305051,35.33687605780007,1034.962231421528,0.0
33.82727120140548,68.50678867686122,14.054398046114832,54.5799278491868,1017.9298645851446,0.0
27.024908554804778,41.66156530694559,19.6082505596223,12.841970972034254,1012.4248224699454,0.0
18.695580228324772,69.96320348321686,14.362254398112329,62.064950011427875,1023.753434019569,0.0
29.58930973527388,77.50293442413387,22.55577465123674,55.96316931981051,1015.1066846520312,0.0
35.610780985063165,35.09396536142817,7.744121549742205,62.77320337286205,1015.095342302628,0.0
30.162326302755734,70.61084854771359,14.939555260769728,71.16236650174301,1002.083748278409,0.0
17.403150170229935,83.41503488709938,8.738032777934404,57.352396804194214,1015.338480257896,0.0
22.578829635668743,46.855384719631914,16.81815941312484,52.96178839596553,1023.3544341641694,0.0
31.334555745933113,90.08858580256555,19.4344369504865,32.37863326677416,1004.6393784789998,0.0
21.461652671906094,71.28528514049067,12.896191031594734,35.755584727018984,1027.2449582124696,0.0
27.219097140731144,54.424822163623865,1.9789307168643298,73.73469240354662,1012.0829397585487,0.0
28.873170267146683,64.16346383513441,15.994740733982473,78.72670811411957,1004.1223048846146,1.0
20.365347642109583,73.37490368782584,17.183692758667547,45.237791273758916,1022.9763207692024,1.0
24.702373219691,66.14008087118617,17.021473774808488,50.92005494506548,1010.1320576426173,0.0
8.793663299654636,73.08133988669553,21.17891095911077,31.907712500124678,1020.595148874861,0.0
19.878061793328552,51.1898961038095,9.644731601754756,73.4551369053489,1010.0824136774146,0.0
23.7371592430342,67.54041236054117,18.401080527252248,63.308336473835574,1012.401738564701,1.0
18.761084090175753,43.79428254642529,20.962537562389876,88.82434872927499,1017.9356020433429,0.0
33.16205651965818,63.33160907976949,6.107062079967417,32.43353845640522,1015.9089705759001,0.0
17.849293110196836,51.44138537802815,16.598259129594886,42.439842019635655,993.0446821954827,0.0
22.799777566515083,53.9670508611535,12.479100844961643,54.62891845051145,1001.7875625990561,0.0
25.653702886430455,83.54139762815656,14.59238663449177,62.92979075451541,1022.2940998479081,1.0
32.20636644533058,81.36965180891403,16.738382417691682,45.686647249047354,1011.6786341109845,0.0
17.8206892441028,74.13707181360766,12.563857179432238,32.54077819092599,1007.7626869722858,1.0
30.815818760774796,48.61530852991132,11.62145960419194,67.62815057847142,999.4142598474252,0.0
25.051165305097935,60.25387325457797,15.170762087440123,64.42270725091163,1002.2026367872415,1.0
20.092456744760245,83.19646549968775,9.563770305685987,31.6745179887255,992.7820136003805,0.0
27.310517371316354,67.12575370459857,9.570874355574073,77.10885602210992,1011.9871928129846,0.0
25.99529847786735,99.7899430997254,18.396866414782515,73.40397418393208,1007.0156241941895,1.0
21.998915614206027,70.89976759091557,9.25602982420672,52.68592994495586,1003.3341210901468,0.0
25.349010424950094,67.88073674735047,18.33156250454606,51.591957247520725,1012.3187657483205,0.0
23.0734320156912,60.363253036962476,17.312956464269757,61.08115542231815,1016.6397063085274,1.0
25.56758672625624,67.00311357173423,6.370966356047017,32.76593859487484,1033.9319793220996,0.0
28.310653372605234,62.712952454291845,11.612176738321725,50.600629583281645,997.8811658043678,0.0
32.93008408072676,75.62163015032885,20.97054701523686,6.9523291078163965,1024.5938104330053,0.0
18.810922505865754,79.35053475191876,10.094172344301592,67.52911291005871,1022.7310156101507,1.0
35.665166873281336,53.21015809238076,12.677978688453061,18.770135551162813,1005.209072606233,0.0
15.239561002387491,45.03150569663333,17.31030446625948,80.06839656857998,1015.0323595458603,1.0
24.241074524822082,37.456919403450556,18.91695254641298,43.39759812067099,1008.4236675066238,0.0
27.941586032422883,72.61986990368815,13.742305569777521,45.76666036137646,1014.8568858041874,1.0
26.404959338675162,48.449500907391894,12.012449026541791,37.44532187830988,1028.0913101340454,0.0
21.88650240089703,32.706641105712755,22.111849308492538,44.239222521558474,1019.0560623263132,0.0
23.959388748213623,70.82867906796446,23.694498318987897,78.37062690296074,1018.0860837323344,1.0
22.534995326705836,102.39499276149186,19.894290253908977,0.24382686929840958,1008.6969068004536,1.0
22.053176215278942,64.9089363269016,15.42659071282512,75.53930772176375,998.1594333507567,1.0
29.248010485105123,77.57736161677462,10.958671391795368,56.760469622034165,1010.9153178945959,0.0
26.785077429825236,66.22744037821347,10.847777967217173,25.859567042855687,1025.0660815486392,0.0
21.535452023696728,63.51665520213286,17.61257052632879,28.493752139015243,997.7283214341036,0.0
29.497999377166252,78.78614724481653,17.09199110444342,83.52786054416407,1002.449106318233,1.0
26.536497604383047,60.64588183717023,22.007992964732146,31.089862401145375,1014.2626773623407,0.0
29.0643105941948,69.01088471107855,18.252250462680696,26.93298978808081,1003.1534521515274,0.0
28.14814420961806,69.8254670929402,7.48459849120091,72.74629084729459,1005.0747655288478,1.0
20.855024945389637,54.978643195354266,20.259738088614593,56.771057525718284,1008.7640141827183,0.0
22.199094799015153,79.88063524304785,10.009696863427935,31.241488469272024,999.3438259580985,1.0
28.736468025616308,62.37560364956887,13.080143640238242,54.33249950809238,1003.2587815378363,0.0
28.051851327167324,53.66382260760733,16.251001031258472,29.484946327194454,1020.0342791678731,0.0
24.89549203017926,73.04764765355606,24.978337448919824,72.0164279684521,999.9263021776903,1.0
25.58663691654391,51.52298027313444,30.549592780026806,71.22741929746267,997.0212786550517,1.0
31.388324478942124,65.42271736053692,18.033615295680914,60.64012397643886,1006.6997502046611,0.0
22.04214305582085,64.86321505033695,14.08401690639806,57.23322122494033,1020.3195550250985,0.0
27.735486905850188,81.28843348747367,17.672528242402752,85.22376249734748,1011.0307819200311,1.0
23.98903673783053,72.12047349319928,19.43827712936918,49.9937265477645,1008.3541892188438,1.0
23.9115939838639,64.62459561882284,13.396661872214041,26.362517491583976,1013.4435879751561,0.0
30.49388425993595,77.26649448800431,23.97605677956161,58.98947825664614,995.5429256714035,0.0
29.12708174494015,85.8531132352597,16.15035379595701,91.72094099074228,1017.9470565377503,1.0
29.067548180003193,73.36715459527794,17.48871544545697,29.70481013628296,1016.8343503140364,1.0
31.527394035771646,65.15528929765071,18.329621260272308,42.77074466612029,1008.9069152590428,0.0
25.105019208163796,45.32245651474761,17.10793305307228,58.32892076202906,1023.0592451179641,0.0
28.40976485647482,49.02329505386941,19.19470250234806,48.921903019885214,1001.7250390104696,0.0
23.44866621703272,60.421629434679986,11.913734067265384,30.35392839245371,1024.2790899325357,0.0
26.62083176244221,55.85731696761076,12.208491230269846,72.43715712460941,1014.5449366559525,0.0
24.349284728161578,62.19543045521831,9.499228835141526,96.40081444034519,1009.6344741012183,1.0
25.48497982496359,65.8497488734566,17.19750615310113,53.92262918047815,1012.8012636463169,0.0
27.97578512718457,72.94539131535096,18.89468251756057,31.918634205279993,1011.9273523418906,0.0
20.908896583832636,63.94251832911363,17.28886433075943,19.020789498930498,1025.2028289641771,0.0
35.4619363784273,72.29752465739303,23.372462166737687,55.159519624423616,1002.2332087252898,0.0
19.96991309250149,65.9671162221518,14.972019905854767,72.07754686632515,1005.3748076085341,1.0
18.92905693606134,35.36800150469193,18.343708277962563,59.50335492990763,1023.3630289207248,0.0
30.790554367500338,50.90996909271868,9.54149561930343,49.951923181622924,1007.0446506481615,0.0
28.95831346981468,62.83868666417577,13.064501487627995,38.21456696421387,1022.0053307733159,0.0
28.120599085260775,46.85457885738339,18.47768878782889,28.156727345638206,1029.9943598300872,0.0
28.1417275463214,73.99893094994307,19.245510553715718,66.69502652649764,1008.9820497305836,1.0
24.938766135765427,87.96126248515546,13.53016526167909,68.2754324277117,1019.8136232657531,1.0
20.51372814257084,83.28142777545975,14.642003740709665,19.085404266185336,1001.4630771866014,1.0
25.37902279096863,61.79835693604688,7.410631266595953,81.79677956361368,1020.5473329806781,0.0
21.61419144243944,87.36089205274928,13.214853995966953,61.48142441788003,1014.9942398598677,1.0
29.875598667088756,67.23001185803167,19.45191581759893,77.99189290291586,1017.7303828216021,0.0
24.264713092489306,59.94371043322941,17.87602508053283,23.157445030297698,1006.544279279646,0.0
20.872514016037442,55.7989600468859,17.50332860690605,22.683516891691223,996.3891658443283,0.0
23.393070791735035,60.462954702678076,15.2488684359048,47.02061380465406,1018.0325206474951,0.0
27.06465727137812,59.17734772188157,15.035315793140882,60.05568853790388,992.3659684752055,1.0
22.181377235980126,67.55624333563232,11.698394302632764,85.92721645853928,1009.8264950775747,1.0
20.888898022167844,67.40860971574797,18.494142101012674,64.12157827630263,1022.4118186641997,0.0
26.218436057459563,65.04569030230121,17.10486472194695,45.14637446375933,1014.9189773587303,0.0
26.224832855543614,71.55407254619524,17.460094239963997,29.472615846682157,1032.4834264478982,0.0
22.46528412314435,82.85969412179512,12.369825786662098,74.60001145438301,1023.2510915258177,1.0
22.644808471908387,79.24331203161985,4.233285400643778,30.705891484985703,1006.4610161167442,0.0
26.16024968678818,42.726530473251444,20.48576355876848,82.56937109544643,1013.2731337985144,0.0
17.75957829251338,26.691182976470678,12.60581271995798,44.31230700786981,1012.5262929745556,0.0
17.962681128117225,79.01479866858911,10.686121179784397,81.81164145235701,997.1782323665387,1.0
21.40777889373782,44.49681952376868,18.467394559569968,63.57862580118557,1003.5960108351564,1.0
23.932764241440765,61.62851897160975,13.039936800404352,47.26009021115083,1007.3923909302014,0.0
26.554537827990025,47.448304609109606,20.29968192023311,39.61207256347747,992.6377949714406,0.0
32.37678108474776,37.970293436299706,18.08502974788349,43.1818424530784,1013.4749346825164,0.0
29.288298116010097,73.12194092307182,18.417846616002386,58.56633384750475,1010.5092815534696,1.0
24.200307350182864,76.3873274045397,8.170221443997328,51.54312992435433,996.2710609868842,1.0
24.904918960486555,56.35234398909921,21.059719926932004,38.1237718386259,1017.0421286527733,0.0
19.987353176810956,26.134365617826354,16.30625265616928,46.68737179364736,1020.1587274469096,0.0
24.90743432003805,56.806333276212754,13.153614303768984,51.571540594382995,1015.2703447886489,0.0
23.55670680539931,70.8770600810382,15.716942336711256,7.42531811170376,1009.7593182479103,1.0
26.613592801690448,42.81632646838807,6.118823835508401,59.16336229577397,1018.9144215175186,0.0
20.863845282238387,67.75039879668734,17.043264057403356,30.405575505663865,1019.8022036047669,0.0
27.596732571205862,64.77035226240507,9.853142459089643,26.9333519358851,1016.0740356971969,0.0
32.66369456501289,73.68937249401633,8.236648570782329,16.253113057785797,1004.7538774956524,0.0
24.456199257715713,66.79370552621229,7.388204068910545,14.122150042642197,1015.7660076551118,0.0
27.008558610494706,50.40396588677667,20.563441874949625,22.891049937754214,1024.9548065082547,0.0
28.450719958555563,82.94857252496737,11.853683031536058,35.81958084739019,1007.0337094138827,1.0
22.993897640570818,62.62205640459545,22.668638549582496,89.06518275053136,1033.9793933913243,0.0
26.120462409052084,64.59043190735102,12.32099268473851,39.482406482095925,1007.7436906601462,1.0
25.062962003908975,51.00098061390206,6.463210212035266,53.55500212536063,1013.3240701334014,0.0
25.48838049274416,58.35076623212734,9.417377800256705,58.009627730126574,1006.2751440399367,0.0
21.13495108072267,51.727959289596484,21.179058100034695,52.621303724316974,1015.2327083592027,0.0
25.122550871294713,62.405809101148655,14.220509110316662,48.451130785480125,995.5777830736472,0.0
27.489991456227248,90.67562720213516,12.258563517546996,26.094124728015107,1007.5395820118327,1.0
32.25571803897521,44.421482856029655,15.800091129263938,79.01855096558424,1002.0787879965143,0.0
29.796354130426035,40.79657903184888,17.508913680837725,86.1439328727577,1014.3533834789229,0.0
35.76591228755778,87.06755491240412,20.586994079512305,16.346826117546286,1022.9444737550891,0.0
21.163262185559752,61.86014484272201,22.242496149464632,29.51942818227241,1019.4600618711455,0.0
29.361603183603393,54.963908920101254,13.20115677105457,44.403793152459876,989.2834063914111,1.0
25.91671002869176,80.59857031094114,8.369761569589809,30.709244101796173,1033.4206965292788,0.0
35.94901466608836,55.91576690394704,12.932674194383619,60.1193110691173,1015.9527994062087,0.0
20.958508573224243,92.39014570320404,16.30140253291443,35.434555951867736,1005.23500859507,1.0
20.801390789096118,75.16888807008904,10.181205368946944,93.30112135613206,1014.5712791899094,1.0
22.00303677277989,57.68132887781446,10.214245425524785,73.81097188687193,1014.7618982250269,0.0
14.380521378450965,97.35962319898255,16.718939407749428,54.2514806126443,1006.3315128304844,1.0
22.371224891596196,55.914276154949924,14.756738242147744,70.53972526639464,1014.9791666734208,1.0
21.20433669223151,76.13143058013961,15.163984977057932,72.11800848714617,1006.925277123797,1.0
25.75196893238104,69.48938870609737,11.207523326499652,38.72105023883513,1008.9563800730998,0.0
26.708779878885796,84.52611934098198,13.847996428971163,33.6756551091607,1006.1372086424492,1.0
34.38085419607943,88.42266795090279,10.378834278658477,51.562861259392946,998.6732871026035,0.0
29.75211919093025,65.4800622359865,19.450992055623935,67.23272248995889,1014.4583647021539,0.0
22.115481721687985,53.69873194480725,20.176246673618763,52.781207973068355,1018.8529943651633,0.0
20.50792664325821,71.89958214408675,5.769060688809532,18.460070356180054,1018.1488359607637,0.0
27.459595857532527,54.834269453718406,10.35244569903795,33.94351112098315,1021.1992525263523,0.0
18.398833964896788,95.20080871289935,7.517353724549604,48.52054272811244,1016.2434021001487,0.0
34.157293829271765,67.04802996624106,11.74988032796551,48.486687913483394,1007.672745017831,0.0
30.897200603606436,59.52017673031837,14.582810151048196,89.45084353579617,1021.3966386443119,0.0
22.654121739476476,67.77020458797362,7.75177390150735,22.28024115202004,999.4248246015807,0.0
16.434327354545612,44.793105657054554,10.390700934373434,60.11178483671749,1003.9932861748752,1.0
31.769361870827062,50.42578942234023,9.980213139592507,79.7822621665658,1003.3579992857675,0.0
24.42730077373691,83.00620861916639,16.03633664699472,95.42899490845592,1023.8005605913932,1.0
31.189081559867308,55.14658581542906,15.346721685181253,41.912051536320774,1022.4278851414008,0.0
17.027861706028165,49.296335259770906,11.391312233313734,59.82858905440399,1017.87305237045,0.0
22.003124885231134,73.04979128790929,15.88410436069699,61.39520714397294,1023.719298652118,1.0
25.026218498590914,82.78556231994496,12.266599577063673,53.90963463106581,1004.2071721758801,1.0
25.23490296882371,75.784299659976,13.641724448369734,48.02309597521388,1016.4859511986098,1.0
22.74967264260378,79.94071528708724,23.367260451492683,58.71950779000092,1011.7482557161684,0.0
28.114249661737492,53.64807367145809,21.70230525895174,-0.6449217043937097,1021.4688210388491,0.0
19.661897853087027,43.67283999887235,8.502093815362013,63.64138980125263,1011.847757674478,0.0
24.288102574893532,87.5200047793323,19.148662089395874,52.52355807323934,1009.1505711158992,1.0
25.601478158559495,60.15980241736796,19.05698277245796,45.550502064434696,1018.4090851856099,0.0
27.572194170293745,61.23750475317429,9.258683556236909,90.93724391439116,1021.7616916719123,0.0
28.55807439044445,84.92291212773587,19.093888218774303,36.50131962418895,1006.316548051532,1.0
19.376789540810655,73.3434501410099,22.689659592062764,41.93848021869938,1012.3892432864762,0.0
17.32942914632189,71.83831658122412,9.387275968777931,89.83106604409468,1002.4155936635834,1.0
31.388384109492545,97.47503517351626,10.412485894928682,33.35877390300287,988.0193898250706,0.0
26.661570059897958,55.347226544297854,20.08830733421751,38.997694341269224,1015.0045963141373,0.0
21.25756731721723,78.91760192121856,16.35747655412824,47.059491531383,1019.0890535625463,1.0
32.75575987761262,65.85519687345626,17.757381376197618,66.81468964259099,1015.6206680908673,0.0
25.578373171464293,69.02888418294886,16.702946082002484,54.15605014706627,993.5043828224564,0.0
30.896485920319133,87.92702639618798,16.95347960464072,24.147493056954747,1009.4915056992353,0.0
25.337592407050543,72.61753634434436,8.367639358444585,39.356628737456205,990.8165223994891,0.0
35.303739624409936,73.07444118574449,20.23658853310724,37.85291133575577,1026.697011076542,0.0
33.77670421221602,81.08761005964703,20.84794996213887,48.455579095539086,1002.1394541788192,0.0
23.75517925760463,59.52570905685672,13.85304627965986,58.51687317259658,1025.554036094599,0.0
29.85785475477178,52.4118549899149,14.782615250930688,58.36411511775944,1022.4586964368415,0.0
28.226879747925736,49.327862089684494,7.3444624872213895,14.479764919031958,1003.9940964746394,0.0
31.843157787661745,35.50465115935997,17.571273780089175,71.27881975121713,1001.6721504873226,0.0
20.17538269709948,95.84310694910484,17.86028720857072,55.05137691993247,1016.5037021638634,1.0
28.430257299992196,48.451874514174754,14.689044915003445,77.69064095187812,1004.5567596281693,1.0
30.29212243424794,61.68119564621342,20.621766799352514,58.883966545813436,1014.0248464215821,0.0
16.20630256788443,60.84780050166619,13.329613845100297,72.02645915471524,1008.1717240919309,1.0
19.083707436671126,69.61110046713651,17.823029629468003,59.33090622900254,995.1884158553437,0.0
14.803839111199498,77.23605818808946,9.901678306539422,76.92451512405496,990.6953198087554,1.0
23.652965827777212,77.90710232539618,14.88223924562881,60.44501272035557,1015.266842484946,1.0
28.58771127897981,56.25383842146592,14.128228710485821,48.041695071141916,1007.3844225366937,0.0
32.51178526048014,62.49317429320383,16.12653961020471,95.44869440893763,1007.4691018308587,0.0
25.370473902098876,69.2386992573245,13.152365355833208,67.78074244559784,1019.9586383909378,0.0
33.14307772785646,61.2696331072468,14.34263702164166,61.47488842008826,1024.7344227663245,0.0
18.099492708925542,89.1101836402999,19.13023585720753,24.47391166923328,1010.274552786382,1.0
16.483087803224226,72.36462427457377,12.816178813808913,24.233847650729246,1009.5940129309014,1.0
24.722261505516904,76.02316679074727,6.967114496306603,55.854309642837066,1018.0014303311389,0.0
26.920327244696537,74.94321903001119,23.747919521027104,52.91042395536481,999.4306443030042,0.0
24.836526259529535,82.60210786227987,21.907270393452432,37.71754869983368,1015.231530547477,0.0
14.662789499800617,67.7153233805556,8.538686524471906,52.8196539922412,1018.5188597182215,0.0
24.55439980243606,45.5475207806623,18.448539026225973,81.77253856087191,1019.8023020841763,0.0
18.477652497475734,70.99531927628962,12.485126147243285,63.908049491005976,993.6324729749754,1.0
28.348362744150194,55.22964659312257,16.317436076655298,27.179829804945236,1005.3864473019106,0.0
26.83299123048424,57.07074977375365,16.47112064506747,47.76982345714113,1004.2173674717653,0.0
20.300601068363225,73.7954602813264,13.82796099841839,33.90067038294878,1013.9988695440921,1.0
22.430665413316532,83.57424607150453,11.081171672068017,42.24600167182878,1017.8074457976799,1.0
19.70393239055524,65.31907365104092,11.547294738418703,41.72768668740714,1027.9671040744597,0.0
24.68660451363414,69.63249518898445,10.419040422593788,40.447088347919895,1008.0503451963193,0.0
29.775711602506192,90.53322416952857,10.840888958847776,24.8972925605321,1008.0242750169078,1.0
20.07136976832228,68.61129769232852,14.664108549753223,47.446906369636196,1024.4967201887875,0.0
27.520232577589223,104.02524671270592,11.421200054446242,38.7878472630538,1015.965769385303,0.0
22.348711908137794,73.48264468447316,18.410260328563098,-8.588973800045359,1025.6765151118798,1.0
21.03563583868828,38.58855861266274,22.436230776679636,91.05944049003327,1015.8872800300984,0.0
24.464848200227213,76.30012431656799,12.099733793149785,71.77539308433344,1001.4288338128673,1.0
19.82378838790313,70.71737577324167,16.197022502676884,42.47398550150008,999.6687164522219,1.0
22.23175347326409,84.34629131124119,17.498425551514668,50.37638099481197,997.4848775094107,1.0
19.010610537055758,75.09772026904938,17.360011354596374,26.566913053648765,1019.6205183475847,0.0
34.82362566458195,62.92316024024339,15.379776339580436,83.91445755621731,1024.88596823087,0.0
25.176317759858645,46.635526455659516,18.713412091798613,87.94577389546222,1031.4936214138638,1.0
21.50137246003707,61.86465114070962,17.411244763403285,53.133874564930494,1021.4310533232324,0.0
26.06989955367111,52.2421931868605,8.811687888363512,70.47061288370689,1024.62838577535,0.0
24.43835975154585,56.29214825292916,19.345780321946364,53.505735578678475,1007.1998366734631,0.0
23.895152002333884,73.82867606630914,19.436454186333712,23.265491222481387,1001.4358418325614,1.0
28.070833500217127,90.0485675652711,11.183569479107092,41.763532620726856,1021.5007933241756,1.0
28.787538550236526,70.92007294734472,15.18968917723801,52.63855933543914,1017.176807522394,1.0
22.34749426194736,47.06175406947224,18.416644964055347,40.909045625131114,1014.0744437434089,0.0
22.1209087967766,71.66904002330212,13.953430902103193,45.62693445129928,1016.8737148063299,1.0
23.62474151424178,82.94947229968477,20.364890238830057,48.17200884981771,1016.2318548245821,0.0
13.490394176322075,55.85325643520927,26.819362473096803,48.38243004269077,1025.8381685985355,0.0
17.42404468900724,62.989742499906235,11.070069836825088,51.04516980994966,1025.9498558481696,0.0
31.834371337222624,65.22032292093796,8.094776984231125,28.787898672067982,1018.4422035234035,0.0
33.22483856750642,53.2265253037664,16.51909297802438,35.659677017441275,1021.4580287256293,0.0
23.75481980221811,74.72420650765788,18.607812525630717,24.308314686000614,1018.1406255242478,1.0
27.882784815278832,63.18577777088328,13.845668130776154,69.55631099372401,1008.3883026796539,1.0
26.556250772717682,71.29298665860541,22.26630331660517,7.887061163193508,1020.5656467491314,0.0
40.39440404227619,51.6876173329685,8.306971001383756,73.0718068663385,999.0550493114074,0.0
30.597874557172883,58.438125495148846,18.464593115158056,77.72698794525687,1023.5389155229589,0.0
24.360412042596167,75.83572036741657,11.970695896205534,43.95638826034757,1001.0547706023397,1.0
20.22229779699787,59.4075027186235,23.59688953103648,-2.062741756545975,1015.8580328679474,0.0
16.96776839871214,90.90445776850108,24.96257676584059,42.77378876065419,1004.5484604157384,1.0
26.017318179336115,59.005457215780964,11.166717061083261,48.716316774223614,1018.5338898307442,0.0
21.218246273578483,68.37027088627829,12.2522143204571,29.788035601421733,1012.6607477407209,0.0
17.88873145201163,78.98886247809635,19.29793943489901,39.695632123835146,997.0524404183667,1.0
21.767135578787368,43.724514006004526,13.064346751052426,80.60390397726702,1017.2069963101848,1.0
19.592259981928024,38.587867820288366,14.772943910338808,63.29854324603482,1007.2207922316729,1.0
33.43570817536282,42.11515528144858,15.12694210271205,31.508717712438003,1021.8114672081336,0.0
29.408198784747253,83.93876155140774,5.401634219011719,18.04801660809136,1013.013256887344,0.0
24.960136793416915,56.7221278116133,14.930811269528814,43.45965364780458,1016.9542098538803,0.0
32.39972069445013,103.37298928502378,11.55136112967913,45.73086441299124,1003.4243104498479,0.0
25.38684153823809,56.53628602013917,12.53438588800114,59.92398374726633,1007.1066776857264,0.0
20.69357899335868,67.76826954795555,22.21816001734407,39.293665748646816,1008.4136136389892,0.0
32.61562038634828,88.13164928851813,8.717465528603718,60.22999150723723,1021.5670248024255,0.0
27.694550218423295,95.09139332238684,19.066025933739887,88.70308080120458,1029.7737708780548,1.0
19.81376922836772,95.92255364954596,13.605185348340957,66.31002044888525,1004.9482824825712,1.0
24.04830660958196,83.12549345889714,13.601199157520828,49.03822985338455,1023.7684814465769,0.0
20.621908733076214,80.36093788717193,18.951859480258555,46.336990578934106,991.303225822743,0.0
18.086001345178317,73.88790423801774,16.70025647284445,42.86653731640258,1001.0581059890771,1.0
29.630887737658206,76.67541614249957,17.853064986097657,73.61281824904289,1003.4122154381323,1.0
34.54708320235065,56.732214255071995,19.840923302664304,37.45373108097394,999.4749131055928,0.0
18.007162130904295,52.72701674866539,13.343458084083386,50.904454179999654,997.1641161021242,0.0
27.814846183452854,64.94938313883571,11.938816327461248,51.0239580376217,1017.129989121378,0.0
21.746787154390866,62.447230662126074,9.57424736721101,39.96431614376936,1010.8593230227214,0.0
22.56437308117652,58.201579260090874,10.872947350105225,22.550689042317984,1016.7940539760511,0.0
22.038030378805654,75.44581171185072,29.745472126543625,56.45949007235336,1019.9047268612152,0.0
20.68004615160092,79.32957812855766,21.22339790368393,48.77992056289233,1015.6561699317253,0.0
25.242608139724133,66.32610329437772,8.244628168959894,60.004809388731395,1019.5776317615038,0.0
20.84524941794481,87.16295121582893,8.38771021628215,39.32799387121666,1012.3046771375773,0.0
26.352284128899193,47.87466328799742,17.40933030859246,74.41642597626095,1001.1300661169425,1.0
24.748809452754315,62.095108110804226,17.736323986889836,32.464524375763105,1023.578141808208,0.0
23.80525976566795,54.247665190957925,17.744419176586824,84.24080568035785,1007.1088786721888,1.0
20.46218168979201,37.0019507439041,13.725221032231511,15.047269803434766,1003.6440370123757,0.0
22.116143347158335,63.75978971235951,14.3727286999855,58.69540129113783,1011.2208212419561,0.0
28.77695612912878,63.17378737425075,16.639397620796785,59.50861365053247,1003.8718908070349,0.0
27.504585938121902,87.70174614863197,15.429465031466652,34.088858641182355,1008.8256961801056,1.0
20.112223776007244,74.46217526832166,3.903498136262325,58.48787875722025,1016.4405392156347,0.0
25.49666152714613,49.63719763506192,13.851001847124031,75.59037339520317,1016.4834173924613,0.0
28.756935616858947,92.81138849501282,10.742967828698433,5.663623212918708,1004.0216993357437,1.0
16.652973594393142,83.31550543288029,15.87605709454256,60.054896149816294,1008.1229462705126,1.0
27.716800961899676,73.73146555202923,29.92629501301705,0.13458359339844606,1023.7433300477024,0.0
21.686881205270765,61.60273851725252,16.83740832737152,30.686703929535838,1017.9640011773394,0.0
27.852993342965796,50.6084114491478,13.43235156913801,82.5833272980189,1033.7506503934853,0.0
21.183704217287417,59.416898358934205,19.60900750988626,38.36435933215892,1024.8012817374154,0.0
15.975589496677404,81.33122929556279,17.413439436046062,26.52240071182055,1024.4429306855993,0.0
16.862287810584185,93.26879458901914,17.100472452259208,46.04124542030636,999.121314495442,1.0
25.24042473330691,88.14865292408284,18.034252966078355,91.35812676327104,1020.6386035163342,1.0
26.29861250860741,57.667258673205886,25.282717824147706,13.366355055879481,1012.4689319830309,0.0
20.478416874477958,48.205738500664836,9.345557823370422,28.97380176721311,1007.4901819646175,0.0
28.19296229388687,67.11329370366806,17.368160384057273,79.94863366359253,1014.6801534053253,1.0
16.6923996886552,38.473409516557226,10.368094350092308,87.15404687075466,1022.4521153461149,0.0
24.66960100676342,69.84751571277172,17.77756323171124,47.93137551419432,1018.0083159100421,0.0
18.944919001187717,62.78596120551997,10.406567442569528,25.21894594946715,1004.2152619865794,0.0
21.740819460989204,58.00945247197637,12.913165931974579,91.91687003618318,1020.4245891359262,0.0
25.23699335658207,41.07945399099807,13.524550428810468,81.88884783498393,1006.6241245792404,1.0
20.69793317358024,72.70400159854574,19.879083596723547,63.57893975524466,1015.1668311896428,1.0
23.077222278850872,57.009487405071326,19.59227221971207,33.751953021251595,1009.9664993252287,0.0
30.0314640460722,47.451247464345684,8.771413117768077,49.019413183239266,1010.8113374826437,0.0
22.115540652384254,21.916066800775262,15.274670554999243,46.79279837910339,1020.6624297504051,0.0
29.17846056032571,64.58727642424046,11.452100726254137,56.617026092311555,1002.598062801841,1.0
19.351465726711908,91.58377395004617,8.707475446623327,79.02002876262672,1032.4519507427694,1.0
27.649020889576413,89.91888821821806,13.914914747878148,67.58834082274807,994.789139307055,1.0
32.207843103289505,58.14355615120592,13.457586057720901,28.452478460304835,1007.0233231674514,0.0
12.641777499363553,55.966819094573296,27.13358243172761,77.52992900039075,1016.7021188994174,0.0
21.015523722647615,72.03161384112536,17.16479912680348,56.26264280026311,1018.8431416643531,0.0
27.8853606359027,50.02421841217563,8.111912496228815,63.741315917178326,1011.995242794283,1.0
23.984773069785035,69.52687849729199,12.176129979145289,79.33081718557206,1012.4260929699846,1.0
26.855729366856544,76.49120417577035,20.106916477146992,27.768395009728977,1017.1055008532761,0.0
21.980074066420897,83.40399835826462,25.442213864349625,49.28348842587074,1010.6893052254231,0.0
25.4329489373645,63.49768885280071,7.070083438810208,39.3709089728157,1026.931812579349,0.0
24.221613823039604,61.94489374734551,5.600378074304775,18.642811492690882,1021.3934911423161,0.0
30.838910308299035,51.830261198651584,24.35482587685891,56.9341995520984,1021.7282435100564,0.0
26.272104216506065,52.5967946894021,16.94807088685452,100.23113103168848,1003.3384327662958,1.0
26.68801331037601,61.602816621477096,10.658536340618168,13.198445109884943,1012.206115755943,0.0
22.940615169387662,70.51048260224267,17.673145430612177,49.354387779010594,1009.995340512793,1.0
22.561968879637533,78.70376939349875,1.8212613049156108,62.81085870149547,1002.9439862431053,1.0
22.837209060901895,52.95231573979483,15.016877532985806,52.46156403312362,1016.6016418394577,0.0
26.972260711891483,87.39032853439282,16.639105864215427,47.73743894968519,1007.6235424222018,1.0
22.895077595898684,60.93314598436147,19.62135069768915,24.015672731083516,1019.5540382985024,0.0
26.448874284482066,64.67949058477346,9.930520238537312,54.65573485880327,1002.2980843710567,0.0
35.37700399322719,53.79182481278265,15.428435807016795,34.86472045968147,1030.1904061284183,0.0
29.355623517158463,28.636396095905873,10.372876869702063,6.201565900428932,1004.0366734140794,0.0
23.369882339160796,78.26068094541574,16.276918778371584,73.89184441027462,1015.1930233720044,1.0
31.006069610819722,76.0526584563865,10.52326838818488,69.16771639684085,1020.9185931038807,0.0
22.959623134892244,60.780086643226795,12.959495804198896,51.033219537021594,1007.2935956979989,0.0
14.80937732411073,66.00486075837308,10.020923026048855,54.58149376411405,1021.5246864343295,0.0
19.95956844541298,72.73908826556149,18.255681209118286,71.48636025431122,1000.7081640219958,1.0
15.646040394870722,41.56181214670186,19.29225558328333,54.486793135561655,1027.5211769918255,0.0
23.24243257979346,57.06420983980558,13.82689715021293,68.08035109522629,1013.1414926496576,0.0
25.092091895947757,76.9139701943274,15.191189974800142,44.050355982523,1007.0358859203112,1.0
33.382186561376415,46.18565865246126,7.75704292683228,76.23967477147893,1010.0081822757256,0.0
26.634636868820813,69.40336898249944,13.501616759966065,56.41571451865368,1021.0891926939272,0.0
23.90449735595568,44.65127293064893,14.748976914791276,53.88103887211748,1007.1554470814956,0.0
29.147027905917447,71.9964497365029,28.103965455149876,24.59877822575936,1005.5064231057722,0.0
13.944323454960575,64.46537776553775,9.440164871129182,55.73911708603418,1010.7846340241626,0.0
26.178072790542828,40.77302276141736,22.32088619376219,33.360901650110975,1001.2303788723003,0.0
28.854325969434832,82.47109031685757,19.98429386732904,37.23434546943012,1031.205439079418,1.0
17.607068771100792,53.981126348029264,16.403182022450682,33.69248743367758,1007.3360540878527,0.0
30.718770216034645,52.84621344478428,23.793102420975668,28.6753013620155,1021.316167861804,0.0
26.69248203747207,68.00853795846415,16.860527363034315,92.49542806033924,1015.0947008364777,1.0
22.923560430495993,82.22956024143073,16.945795978339643,76.62678123976806,1003.1546594951803,1.0
28.163909330531425,49.762672715324044,14.734396734912274,88.40735004288523,1012.9404529078727,1.0
36.35346428902198,65.92519774771958,21.117844412093138,25.542099608888723,1020.8400277931074,0.0
25.909331275292477,71.4322475049586,20.482346169054416,51.42507499821785,1011.117386649137,0.0
26.24110293150168,75.39658410894717,11.871613562518938,24.129847495918085,1024.9311294585102,0.0
22.70319550229878,67.64662332915837,8.403764027006163,36.08610245605872,1023.2151539278186,0.0
20.75077815267604,59.494582413750166,13.985096813021714,31.637460331668503,1022.1891485465833,0.0
29.151679082721227,52.5861466902692,10.999807178011768,74.79168012883123,1008.40343227727,1.0
20.719580870455665,66.29215824569562,14.682377126923225,42.0754064379648,1002.2015755221852,1.0
25.357831186096963,48.9179148202159,21.187190673420695,71.36758667388033,1006.864123946372,0.0
22.611712766174417,21.17974274758089,12.713491724566051,62.08241779177036,1014.9624094066672,0.0
27.39489912873196,71.54839706236501,14.785883093442125,96.07277504209577,1018.4578671353236,1.0
26.66831052643474,78.55902261629294,15.290113674041976,20.411115537205518,991.2842859523955,1.0
30.187699721289498,29.55601346687242,19.242154411026423,75.18466479573598,1012.9188679838825,0.0
22.449918005726264,49.854039429350934,3.7655533300769743,72.92881740801455,1014.5808922532318,0.0
23.650625323533145,74.28731391507796,11.966498526173517,30.53242323945931,1010.2245574368445,1.0
20.106181421088465,95.86243204567548,16.056418461397364,70.1426667294632,1025.912738390159,1.0
22.77853369961944,65.31190561513112,21.000394782134308,56.72289926052458,1017.2178007425088,0.0
26.88650246522426,54.07995588156298,12.540487762468974,45.45047480093184,1026.101919080809,0.0
28.78494308322676,62.256553383427395,5.61723646979063,33.52129026056001,1010.8403947964977,0.0
20.389173379111874,85.62314628722277,18.098557229830682,35.61781097101628,1022.3747749250692,0.0
29.3480296005283,55.310537313131974,11.823188055871853,90.99624191571851,1029.3506639452753,0.0
31.778189294024756,53.0121199002462,9.051666704548193,50.01365637914965,1026.1169344927266,0.0
27.067174516118506,57.758847167269515,11.87827305143388,65.64260003062918,1002.0785840657127,1.0
34.38397906279033,50.70007087611931,14.077373211720753,34.182012366648934,1010.4632392245762,0.0
21.131054004482134,66.84005473992194,11.976276677308936,34.40294107556723,1009.5483529455021,0.0
18.776726483442914,89.3701768770434,3.9721697145046537,71.63969618499884,1017.8925453507633,1.0
16.106398755478608,69.84618909674043,19.485330984435663,23.008475768969355,1019.8635355501453,0.0
32.480221557445915,61.21469746810568,21.374375206393612,41.69572464189457,1004.6110732597426,0.0
28.27182828177029,60.62283096626684,18.25760995669753,50.68054822144464,1013.6783851391693,0.0
24.722076645447725,41.552137869550144,9.311571647875917,52.22745203680105,992.8007266784387,0.0
26.399843131599102,78.24664665720738,13.99254233026241,46.41813429967687,1027.4194500580188,1.0
19.372554763508116,63.83244204480797,14.967393423852709,57.91639562191846,1007.876257593233,0.0
37.228759898084135,62.29280129614062,17.993971947809552,63.85711511635623,1013.5586393984449,0.0
25.646105909876137,112.8966135176729,18.341702443590403,64.6927509091866,1009.9035028601194,1.0
25.546973973024464,69.48129362548529,11.32913100610752,30.283923826643466,1024.460275750134,0.0
28.62883311949346,53.72313424857224,15.409977782067802,44.316898041424054,984.6249355860263,0.0
27.405046158683568,58.60463605691685,17.286402023076207,73.89525723753876,1012.8338965767409,1.0
26.119420121395656,82.22668563795132,22.279111610733832,67.89294375147745,1011.941812425023,1.0
21.04762772277344,66.69905615806647,18.522532699123616,22.54281097037872,1008.4636361240832,0.0
27.357341785679978,43.4258303252395,18.945283436877595,57.02959800704403,1030.2622654563563,0.0
34.41012248237517,78.78843401862805,15.419133139646805,10.435495012503793,1004.1267054114423,0.0
31.727100230774887,54.97783871691509,22.05229572601752,50.938698041207395,1020.7179617723566,0.0
32.965933133196984,93.09946664326318,17.048813979797487,87.95534033491954,1016.5625278870608,1.0
22.443921617844076,81.20072098571973,10.694560449132148,31.042145654620274,1025.6151925253553,0.0
20.051975898707095,58.29017156511873,22.016849850625952,33.31353909016836,1006.3281091522249,0.0
24.37106539950176,84.2152454260267,18.489516362695138,65.28059563145719,1005.6703110087624,1.0
25.278624561443472,66.01783265791104,12.784779894357587,19.14396969580708,1023.960699074774,0.0
30.470957592354743,77.79160512683329,12.602535163003783,37.34489940229922,1017.2532130833011,0.0
16.537676851425903,72.27099225941713,16.48287772570381,61.92882275163505,997.5506265332324,1.0
32.64775159730307,52.3046501751369,17.315923976337924,37.31428304621194,1007.6069498553672,0.0
24.209960507105052,55.346752515238066,15.986461328156032,45.28060025578057,1016.8638265384806,0.0
22.8655946502629,80.44941226371742,16.556543367214424,64.8837142063007,1021.3776422154659,1.0
19.93947812369916,59.97837001840189,23.499786872881902,58.43092167073122,1006.2076934680705,0.0
16.725716640671152,58.94527305137005,20.35771576117443,55.336367925908036,983.8574401018305,0.0
29.115852919809573,50.673161309759706,15.953177956325122,43.21755441459923,1018.2322318573704,0.0
25.36658983594202,71.35398598390192,19.706552903837416,57.40122230537911,1000.7967931005602,1.0
18.55019550129473,95.93787378864718,9.837380482362303,47.52534639800487,992.8266120187759,0.0
18.52460613968192,48.9870062861859,16.989635249734043,59.15611219851569,984.6767407501586,0.0
23.32107650354936,65.36329185009137,24.04653174866555,40.06135949764044,1021.1398086019774,0.0
33.34510762644696,86.18330833123144,13.90977052303813,46.34862051240918,1014.2861745040497,0.0
23.702043243181976,63.805379131314275,10.761830356904575,30.20084414895972,1010.7434361928775,0.0
17.48428523440947,71.78557694374601,11.739555557034697,49.29984779987528,1026.8902436296275,1.0
23.77128467957028,49.0640970777968,9.551834813288059,33.7799827274231,1019.3732468302308,0.0
23.636382151261646,71.42460645811472,11.076190459361483,27.719070996760134,1029.1630004272192,0.0
11.515566785292142,62.192836024931765,13.147459507049856,55.17322295710776,999.07264527833,0.0
24.72852566741094,79.78594993519795,7.97216490410679,54.254795517153205,1012.6544937604604,0.0
23.84532734895661,82.81079077347127,15.078091669748016,65.65747469897146,996.8328662505198,1.0
28.48103182406709,103.84345463027921,19.511385868933235,41.37748860849802,1010.7061766814453,1.0
34.244780474726724,73.69449759820364,10.4612190992654,58.161056936735115,1010.5138414623332,0.0
30.632825147738785,69.8869447487325,22.596419618208845,61.01595144547326,1019.2661363726307,0.0
23.655556547225846,67.91576452366004,17.553960442637973,58.895476156631894,1013.455638811419,0.0
19.467370456291647,59.702505607839676,20.152902928120287,33.48692634395716,1019.2340713827991,0.0
37.8667990162493,70.07725765192536,11.710827230739316,52.98726964542378,1020.034401331389,0.0
25.29609217007244,60.56897884791456,19.272626135333077,57.28280592109323,1034.5492867738315,0.0
25.06964645956473,67.52691464404421,9.540330498023435,50.14356933815884,1009.8470334471388,0.0
24.879374564449982,84.7639630341194,19.451237504182544,8.270446832578308,1003.5897729933362,1.0
25.990423803839274,49.90186152080538,15.859196698967656,53.2097924794696,1015.4608361531641,0.0
24.278197940380288,82.09817841693568,17.76625609992392,94.25062078794484,1004.9771997286045,1.0
22.131689965598817,84.75672601009798,9.12202697187574,42.79921462486035,1027.8196076843653,0.0
22.26570529379804,63.22897209513382,10.524650788616977,35.43845804289358,1010.1678196105477,0.0
24.836233648920008,33.17217651487108,17.986141091266923,57.466971194227966,1007.34423632126,0.0
22.282876144331176,55.882670193583515,10.258259978878996,56.247564209331436,1008.2868427884888,0.0
21.435771086614178,84.45491819841664,17.316031460495616,73.85470330832828,1020.1841742347165,1.0
25.532151138459483,64.65697906551677,8.164310967698771,24.842636881822244,1011.4225301676852,0.0
23.725113912895722,50.01046651557634,19.24087106333334,64.62760505149984,1006.5833317986961,1.0
32.51996494291345,57.42837618157674,8.837383426157455,61.80844122502927,1029.6535191762352,0.0
11.745150958034941,77.60930039756829,17.761499688397617,47.15706926118908,1004.4383015933824,1.0
30.45753425961231,73.20100352302069,18.128154668230003,56.7737463584338,1013.3556607403299,0.0
31.230425962488145,61.416018512454585,11.516140907852126,70.58914963196715,1019.5230615161023,0.0
14.633048837959253,59.49763382277969,17.910132835423635,67.44630760056901,996.6866488958293,1.0
23.286562029598258,59.12362776434267,16.30221131666778,27.139613758525428,1017.8026050140593,0.0
23.142795670021044,51.163847232522464,12.30579071903631,66.40316373510969,1002.4489232451955,1.0
17.962441526410892,89.23063534204162,9.95722657961896,48.70622789934963,1021.2278278083401,0.0
21.110916562045624,60.1651929618299,5.186871541637105,51.45748196031031,1003.3734898808102,0.0
19.447120772670857,83.25737781238244,16.748250236498468,51.46393982003389,1019.9276903184887,1.0
33.761352217118116,87.81974077883677,7.175986143189724,46.9951402240348,1024.0583306629471,0.0
29.678391965737305,79.9746634722194,15.476720997206542,73.8341499421413,1021.614365256328,1.0
31.357775474970794,58.52569530922928,13.682758919588755,48.32564080301576,1015.513166482381,0.0
28.608360320216175,71.05595135504915,18.39571387719098,27.609077432336626,1010.686990570703,0.0
19.354741143913856,64.63706590413626,13.489772502550679,42.129402880605426,1007.2358042366516,0.0
22.37739866860113,51.44447208904808,13.352761068264543,53.57389433620951,1027.710346908171,0.0
27.44687280613959,69.86538922582405,18.659353521441478,74.58429568594102,1006.0050477983235,1.0
18.889360955540273,47.31440313260296,16.675290145420586,62.061893698976675,1002.6293392643,1.0
28.56499215086194,82.81519082692346,16.58077978591389,32.98929442505912,1019.6536893503282,0.0
23.798373009209325,58.03074054052411,17.34633794904263,99.70379833357782,1005.0386319681351,1.0
23.125895962252013,68.01739483809259,7.322139383964471,55.29550621955959,1003.4993650253388,0.0
28.554799841017456,69.24931807319213,18.78394339993491,75.50781475998029,998.5639573783023,1.0
27.2213165574302,61.11642539443884,18.06234397006801,46.96571132845542,1008.1709016053949,0.0
23.1951691709046,73.80040702212912,9.916584357117515,60.667184894108985,1012.1728497610351,1.0
30.79664901682124,57.876445150662136,13.779597631628993,66.7893700903681,1015.430917276607,0.0
19.594683362000513,78.06945946185866,14.803463561861845,74.36389423508513,1022.5130624429949,1.0
28.07967803472132,44.81030479629877,14.327516077991337,71.1473661075645,1018.268979236658,0.0
27.96550628984192,66.89569369319618,16.669299832842672,67.44394000145955,1011.0912778044682,1.0
23.452267803430047,94.08393498587427,22.156833909155917,43.69826537611783,1011.0180432362029,0.0
26.63066511121059,49.995030130916376,20.408833638364143,38.565079160878774,1018.1015746891518,0.0
18.744432118073483,54.83382544212723,8.438904032842968,56.65215020648395,1025.7257016292856,0.0
29.620135096034506,72.70861774488372,18.110349951530242,68.66256144682139,1014.263141994832,1.0
24.075489317785056,67.69372672909397,21.64466659767705,45.54558598446786,1008.3086914578959,0.0
22.386384897404803,70.25945148910338,16.934042603446013,71.30343931428773,1003.0713399891446,1.0
30.245046129184445,72.33780695221495,20.454902125929834,79.05233490972358,998.5479473558778,0.0
21.478281547286205,74.52082202842655,25.061352228503825,31.673581618531607,1019.6626967204352,0.0
17.957693518182204,81.64549762934334,20.118547730534907,33.2615859240744,1018.7797852363956,0.0
17.216854132380483,71.14727985392769,16.246542978208645,47.192498821893274,1018.7736352510666,0.0
28.030049756728197,61.38113518072186,20.225442370423767,56.15225336378393,1011.7134055364794,0.0
18.597853237518585,75.08860551804096,15.724439165484457,39.50865972465898,1027.0693474589175,1.0
33.77397090992182,93.49822902342824,15.119515216424777,77.04405357734288,1008.1588150541518,1.0
14.59035296058139,63.010493804261394,13.242928821431338,58.48133723036902,1022.5526923720721,0.0
33.48228184145019,50.38206042994038,22.81706679416054,50.78894096481479,1012.6125710501045,0.0
26.05508733601309,81.60621003930459,10.907856670289993,21.281809522629448,1006.9164923532066,1.0
24.516434440648037,63.19428254069603,22.66183862339058,23.683683671449856,1018.9253030731776,0.0
22.275404565955252,32.409956809789456,17.49932061870186,55.620185005636124,1017.0963611868399,0.0
26.995680571760353,77.71132515725633,8.003469125990293,7.348087476903274,1016.5697275926692,0.0
24.81182648787576,56.97007721069116,16.83824646495711,70.25274819288143,1013.812784220562,1.0
30.516509410082605,63.64200076543759,4.49986746174188,46.83692311255359,1012.6210691828317,0.0
25.571138243310198,69.97970495853522,18.12754008415518,114.86185939189467,1036.8837199287043,1.0
25.75150880730939,67.857495196686,19.426157414944953,96.15832501232221,1024.8425664519618,0.0
23.18193893893072,75.6417772570856,12.038220221739731,46.371018615049664,1020.2282689498551,1.0
24.715271881394663,58.46770444145235,15.61773847977791,47.873259949373704,1014.1179915820339,0.0
26.539008844460295,72.69658697264124,24.770787168751433,69.9116302800406,1023.0715720059667,1.0
16.449158036716874,61.106799836241244,12.471266478690318,84.06345219836075,1018.1799477639145,1.0
18.259072889471433,76.08215721331254,9.705462064716997,17.239418851279666,1013.2620475277404,0.0
28.716320470113576,74.23051226019581,22.408317012312992,14.272490692906267,1009.9643567473408,0.0
25.854327190639708,50.96841946933107,24.812935952653973,37.55930388891237,1012.1908266233731,0.0
24.080083318236603,81.28973174262549,15.018478359239237,61.654751663477285,981.2957426412195,1.0
25.092169665326967,56.96054832328928,20.05731517704178,59.93747181015194,1015.1060083929764,0.0
26.737908526808354,77.12086697421718,21.707379577654407,71.395429099677,1008.1152391988963,1.0
22.301201598453193,70.50930970102011,11.287578837308079,26.006049432693835,1028.926699982829,1.0
21.108476372988438,92.57275515192684,12.573470823160658,3.6771227406224654,1013.1934407081176,0.0
25.979226275488408,61.64801026442222,21.154372565773674,67.1602839060429,1001.1103658046504,0.0
20.10813611192484,59.760248058227035,23.425071393542545,33.43607454069531,1012.5011984587188,0.0
27.041263778572358,64.708705911684,17.814404300871775,9.630242712227243,1002.5387891493749,1.0
16.4870819788108,60.452303257485866,10.600928232489728,52.901274919187635,1017.7340741571246,0.0
30.14577818662822,76.99912852913076,24.935305558497205,65.86351376437355,1015.9094736433949,0.0
27.362987412065216,40.75534087345118,12.345145510940178,47.55885735757445,1022.5783963110827,0.0
26.28014867156938,49.194763712804686,13.324311094142741,40.843032276350215,1005.0911820830544,0.0
29.91345491972757,48.9829561763121,16.711689172448107,46.81275535708187,1013.3400809622815,0.0
33.32737222231288,79.25461387960364,22.77080210357387,42.588344751984344,999.3497820457336,0.0
30.07185032509065,90.65920058872888,19.269879882761117,23.03905776119666,1020.0149478192471,0.0
15.795628843341774,63.433261721937924,17.074327501809552,35.70638646019137,1018.1887118044012,0.0
18.602115166321493,62.46767415214984,17.31644265059053,60.42559810027629,1017.9580502102757,0.0
21.875907111521606,66.05078244669772,15.21757334321733,56.433570827530005,1013.0161903135694,0.0
25.13045525105417,82.42817453912286,17.79069757259253,53.361196119336405,1017.1477289078879,0.0
27.588295102345615,51.089702987141386,2.3521996115284853,30.09703036293241,1029.043391083086,0.0
21.371280934232672,68.57553474102178,13.516962704651007,46.36993675728666,1010.1490574295799,0.0
25.93383382238539,79.62796444673644,16.206609674583905,6.458699071142902,1014.3864518371008,0.0
21.22308533823339,72.51641254909768,9.244929581902465,53.5695332777078,1002.1387370081859,1.0
21.942410985040258,67.84372424898115,16.9316165890578,78.57715415627135,1004.3173903840167,1.0
17.96669451575889,80.01569138850712,13.977643895069392,20.517357359157884,1013.978132930933,0.0
20.38383376944548,24.451515605011444,23.77737849157745,38.281446533644896,1024.039335467019,0.0
18.24157697191833,75.16812979296361,22.865098626074282,56.58213557420259,1010.4371917574842,0.0
20.120633735113337,55.188864753088644,12.670972154409185,75.05685268854967,1010.6408347068788,1.0
30.268208983039198,37.54050654715314,14.245811442166524,41.03550767399701,1008.9311475549563,0.0
20.253005555840286,72.66803899287471,14.630262171958037,36.154993414682075,1007.6524332915568,1.0
38.161910324186955,85.60487817744436,12.741702619201886,10.62153715167834,1015.9497145570882,0.0
27.466589504404446,62.93827228058462,15.975124920140633,52.06876258616213,998.0274235482135,0.0
25.92418061847437,79.29311820804408,11.208589655562049,90.84152080287488,1025.8093957666672,1.0
20.708211099093933,89.18417386982968,9.346923325312368,55.54716923929352,1006.3457770187053,0.0
28.501549397044958,84.72371680376071,18.113556119501343,49.55442041632573,1020.2190348543814,1.0
22.12181086881113,89.59946794057089,18.147647921109055,56.44164621533971,1000.3000140260613,1.0
25.610049073226808,76.13191236607838,10.978421201700037,49.77815992102796,1019.6884013054622,1.0
37.800422691343975,66.13150458352389,19.476777153812996,33.73971255479741,1019.719446078145,0.0
24.51970050137675,40.97051282154247,11.842111354173344,66.46559831355411,1016.8420207200589,0.0
30.74636663142838,61.30906267805077,16.265826190189905,54.51523046223509,1003.055714782002,0.0
21.48411787437056,52.35130107025712,19.10172006306228,50.352265038673146,1015.4954818959808,0.0
24.82505754751519,97.5641407624672,14.831937176481436,30.492679454435002,1001.1694381526561,1.0
33.85400317817755,62.36171281351495,17.27370456070567,76.07015863869518,1010.4723674490382,0.0
21.865164711061162,66.84807210176729,12.417851780562142,63.2940549066622,1023.2941310095532,1.0
34.062242789984644,73.27228064060701,14.017667082859514,38.941583252653956,1020.9670192707074,0.0
28.538759677277376,65.65403669558681,13.970702845598298,70.03649707363874,1013.1518294254043,1.0
22.18766612052866,90.4257656064613,11.267108267298806,40.048583232295854,1003.2519342407716,1.0
28.162038695277605,55.66025957398322,14.116129184421089,34.35993014977926,1019.4558771217419,0.0
29.86277224813365,67.91911182855864,7.256908505681267,34.805937650394256,1013.1938123769803,0.0
28.10904981108598,53.86294121452927,12.544231264289476,14.578628938238175,989.7968440176958,0.0
17.148876400547717,45.19966233168941,13.575622533151646,59.43084760836412,1020.8262982631652,0.0
21.364314120875658,55.82346363642072,13.7191012375231,13.377102433232999,1012.7576716613031,0.0
23.762406822242475,64.44444804427383,13.792512770646105,25.43112337468475,1025.0245124798307,0.0
24.62783285449977,58.5604666322411,14.691179000699355,8.488239818429335,1002.047294811572,0.0
28.103360487753392,54.61368530189216,17.39720759043032,48.27860614418214,981.23296186804,0.0
25.888505004666268,43.90523804492249,19.372585370662613,46.99359079456256,1015.7908385834519,0.0
18.323278206449494,63.75341641056958,11.751173865758664,43.46607573627272,1015.9156367668197,0.0
26.900989255029817,42.42919438953497,8.983995723054278,29.148446106588473,996.0932837239354,0.0
28.052928726419115,76.40083945534404,9.789777938784486,26.5553249312672,1003.2150045413339,1.0
27.7989522396552,66.23659629401755,12.563985394025364,59.287397270931486,1040.552177437199,0.0
30.403903627773108,43.13672750802604,13.240393410917454,38.98896136583025,1009.9438938584619,0.0
29.16961077274452,60.36186384425205,11.150019669012714,56.3271664307229,1020.3095897637621,0.0
27.295900396142184,53.71765391614125,8.519416678750527,32.29502627751555,1006.4934017263162,0.0
24.649171442706766,69.78761765628771,12.719395862629058,53.62125485542165,992.0969710114684,0.0
16.69519533242004,85.10675669034717,15.907133100569856,76.06556074632127,1011.297417532041,1.0
27.148091095662927,36.872412955313834,17.975147329177823,61.723316007855665,1010.343954397139,0.0
26.038438435815557,66.72539118721126,12.212884734458394,41.751723635670395,1009.0012176133163,0.0
26.357894185976868,62.59800806650039,12.935010889282829,55.14397940711855,1011.853591644936,0.0
18.616257120898453,75.07010114675698,10.366508455763446,45.18669650939574,1015.6426827164564,1.0
19.594717297958688,68.19794942356533,14.842804148126119,50.157603693894565,1011.498830487462,0.0
30.26576426666452,53.72046002391771,10.757856829045927,43.48777895702993,1000.3599383205263,0.0
24.802224230716725,60.214190965000725,17.865639066206,46.71329588229218,1017.8618479156194,1.0
28.40750348686312,53.05961214794766,6.070667540329444,54.241867061483504,993.5062824467758,0.0
25.141591880652307,81.14010707897897,13.201851637737688,30.132826008360986,992.496425427158,1.0
25.148780697478728,65.31967473007913,16.50553669595871,29.682423460200432,1020.3918049470157,0.0
29.691419029879988,93.5178602862951,15.919172581612521,22.229148923375778,1018.0702027213536,1.0
22.41977635891313,64.0900877927807,28.46516831990248,17.994577909925802,1012.4260463492597,0.0
25.480603884704916,54.37389849634306,16.749000122839536,25.654346155590414,999.0455149524493,0.0
22.688623556474788,42.294284110807595,9.979727015789948,53.189250136082585,1005.9208905932593,0.0
22.82751886283842,37.95290485616083,14.522678764554636,32.14424969016232,1010.372532523135,0.0
23.454139382656802,41.23796085491765,6.118768332667742,60.27228928462193,997.0410603142589,1.0
26.110668858168566,69.00689976517225,14.597001253516195,50.694274975051236,1005.6097134197677,0.0
22.606256891682612,72.63087534844901,10.834719714996208,10.629915731238924,1019.5233033817668,0.0
31.278780627867604,41.282139469518,19.57695137780081,63.09951168443379,1027.2730536428921,1.0
20.52696348890248,78.42557471114173,12.252298627022325,66.2159729118342,1008.8056524734145,1.0
24.065641779193204,57.75408422474841,14.416170421023766,30.122746503302935,1020.5648835431609,0.0
22.801344708629124,67.20189517978324,11.822210792977984,58.403830857899834,993.8593992941253,1.0
32.23488942176866,89.18330942383136,23.694256759266658,32.87003525181602,1019.5945124111361,0.0
25.982773882557872,78.45258973798298,13.393786169410442,51.95340753496671,1004.9605158527252,1.0
30.159222697343175,60.97204028141252,24.162785217396006,24.71003186090069,1016.0734561670797,0.0
17.57219813481514,51.63211661877069,19.070758810591332,14.137870949308464,1010.5224758176029,0.0
26.335251329346296,32.72276898006042,17.41033363667693,42.34365620774063,1026.2041400978383,0.0
29.448153978117183,54.212700211363696,16.8436657365876,47.52542107450328,1004.2556435166008,0.0
25.41141994637712,61.83304641758458,16.968986491081257,42.04640612770792,1019.2760629756183,0.0
30.327401875326757,50.19230709273224,5.361637103271949,26.31938883554881,1010.2049253670347,0.0
22.41355774949814,63.031145493615426,13.605583029246217,42.00201875737726,1011.4169452199034,0.0
32.0467372009279,66.15277824438152,19.225789855921608,55.38589505161468,1011.1614610684079,0.0
36.49449061809625,61.627160272878825,14.755514082629473,49.10213939754926,1004.5432689550589,0.0
23.185807197801704,55.249961287648105,7.974050765982125,53.65002061198427,1012.8590103409333,0.0
22.77248739299614,67.52982007950092,14.737977747112653,36.59769599091534,1012.3735177787818,0.0
32.2669223855885,71.62910974354114,23.520527581277456,73.43435829432319,1015.4124024840673,0.0
32.89786072865356,48.64401383835731,21.234458577673596,26.476533268904387,1013.8450514569287,0.0
22.385699864233658,86.16398569619405,14.689979953169841,59.75120594173437,1020.9799454961224,1.0
22.899065914520712,63.521178015736076,19.757246385290433,73.63782185919924,1022.2350861604737,1.0
23.591076955697464,65.28274434417271,13.167464898159741,59.618161854977906,1002.493766781722,1.0
18.277747444828613,75.62321634884836,6.480642065866405,45.9495154587034,1021.6877250059077,0.0
20.40674026757901,68.49824196895253,10.377670059352228,39.43405906674042,1001.1366357289014,0.0
19.97929616623966,79.29704950869868,22.81444384254099,70.72175302092512,1018.8785588813773,0.0
21.161012174479357,69.30686247802737,13.630034590853478,21.540501494766538,1019.1973878470287,0.0
24.826575563066093,55.81343938039343,13.78308010312491,30.59751479240713,993.886831083375,0.0
26.171073662682602,70.42255287809152,13.500809018625597,42.04884469016557,1013.9297924652941,0.0
32.75250246407038,47.844106890190076,24.520682947865033,74.75307515023997,1008.3150388663969,0.0
20.008229796306047,66.62839558664784,23.129794576810315,57.59535272081792,1005.4123474206463,0.0
29.921611992382918,64.5015501403331,26.09390116724067,30.639084829795095,1026.5085233069901,0.0
23.930055778872454,61.8782471409119,14.204773947999744,43.793845892301924,1006.4632085936258,0.0
24.752681451737836,63.07193732841604,16.478122443735476,37.713537118074115,1004.9362307088195,0.0
28.37409746083302,36.77226431753542,7.416787252896045,35.8042201553293,1013.756949400051,0.0
19.386389892188507,56.76912638388558,22.384672130591373,69.57779117113559,1019.8558974629842,0.0
26.912048730920255,66.39267351711672,9.161102243660325,22.56513741472989,1011.5835141398987,0.0
25.83226104106528,67.39784587996101,16.083877818813146,82.17561711468747,1024.6637054566925,1.0
27.462256320040744,49.58487288611063,9.513487361835779,66.56459380369246,1018.3097566196409,0.0
26.44584321953909,83.98561761297051,12.05566586630652,71.81723341207396,991.2178868026857,1.0
37.276500699554475,52.007377276782485,10.813687844751499,40.741209759494836,1007.7053303649299,0.0
21.81130007874342,79.54185800790106,11.96062369662091,47.001185618417814,1007.381579006483,1.0
22.345015224990913,71.40791542807527,12.304386484255108,21.33696370950576,1017.7936095342942,0.0
21.88429736787618,55.30659035234295,12.258656025374615,39.50675185866394,986.7518294362588,0.0
22.222614404198726,91.62966338914268,19.166669558901535,59.873096952863015,1038.4900970871772,0.0
21.81306436346741,47.095447523652794,9.4756860346874,75.92126123562792,1018.3102609489421,0.0
30.94508265553776,78.78731260415002,16.102707135069334,27.856863663950968,1014.4887680391769,0.0
32.102521239949276,80.00873477064468,21.089795761527792,42.68988126029468,1024.8156771641914,0.0
22.14626853125262,54.94069686385033,12.43401817743302,46.974015595349556,1036.4365405281262,0.0
20.838222134478855,85.88697950096493,11.410405546261991,22.084215956150295,1021.707466445884,0.0
27.35707778193202,61.24930228101571,13.847376874098746,61.826984835168005,1022.4881309647162,0.0
22.238884778595143,69.33040443919785,20.898626041803553,35.52019336514782,1014.3069002446438,0.0
28.164659088777555,68.90482758156831,15.970538154766789,46.09219297645952,1011.5847424663306,0.0
26.0146151042565,62.98536887794178,12.343928526962006,40.961012561762445,1008.242045559951,1.0
17.42127942501384,77.16212409739673,17.419383255940197,34.21322988560651,1004.7388800828546,1.0
32.737526006650306,76.9023308082832,9.488539250817883,49.85910029038891,1006.129859003005,0.0
33.97938836547761,38.772020401427284,18.40679755221474,45.687808428639556,999.4944403565702,0.0
21.93605654757807,84.56510364317229,17.043036538508836,42.56284235442669,1012.2412854931498,0.0
23.061492200320078,40.062620179464886,13.46095764430558,35.43076756639314,996.1533242277361,0.0
26.429326953624525,80.48819306512486,10.807071007763845,56.39049341565911,1014.9091652414371,0.0
26.672283949935125,81.90057705241375,10.566595388582714,83.07234536984569,1012.6366939195766,1.0
28.29272136336415,48.63550354677203,17.674086681729552,52.79774465678255,1014.4693529838669,0.0
35.05102269383175,58.83778568068123,21.14490251244531,69.92236429822258,1007.7786842998,0.0
24.11526386252975,48.41442997271096,11.813461264856027,22.195561496930747,1043.768603701805,0.0
21.00851377730773,61.77618454566897,17.29193351775742,53.15522878587539,1026.6011590018031,0.0
18.103403859927365,60.379485737213884,4.564864906989657,28.052633620578668,1000.5545749991528,0.0
21.345349800290403,76.6949079840401,12.076911346714002,20.461501449361972,1015.328680874269,0.0
24.834365135631014,84.65463119179412,14.84470533564549,35.21257185081927,1006.9199385706268,1.0
33.97278931758894,85.93525716184934,10.451582915090832,73.83798668827146,1002.8552027329258,0.0
22.411943504819142,56.567479601325466,10.31746812605202,69.00031657339291,999.5992792887606,1.0
26.118939758194493,61.86167189383208,11.661102217655568,54.860094441087995,1017.3221669075925,0.0
24.91788551963624,39.74842711668575,16.460963641631867,19.345988802201383,1006.1861976493043,0.0
30.94196636724042,52.911949002557165,14.063354907968126,46.074386972241264,1022.678260240252,0.0
37.63466212936811,79.47277449646187,3.808843833375139,56.03400017803471,1022.9378221453044,0.0
22.345656135398396,89.23374235322348,4.396499236824669,53.51072459157196,1026.7391438521145,0.0
22.55280278740889,46.48476692180117,11.965674110714122,13.124128330385084,1004.4761323392589,0.0
30.22080438534536,56.11303611270659,17.28843293026776,32.19364303960256,1017.7536561069201,0.0
28.40945744813156,64.60391364561609,1.2624757863738267,48.71844471702567,1019.324542166423,0.0
34.23353662868017,69.2024173822941,12.501349119241848,60.7258181903438,1008.2582182489604,1.0
27.919640926629818,52.85594720117531,12.368760717412894,6.077443578001073,1005.2822804260712,0.0
23.203539546064704,71.36091566696135,21.94168889104224,46.75752049040283,1029.0952066577597,0.0
27.953274153461546,57.89240979393626,13.074890941435681,52.86097539757905,1015.2749587573205,0.0
30.543517902914537,64.78321593682581,16.914944923704642,66.99223977032426,1019.3596775071173,0.0
29.102410905986822,73.19426372005549,15.706285700437316,63.857151684748736,1004.7792398817207,1.0
27.53637015553649,65.09633404716406,4.3471676009639975,61.651426376176104,1000.807155334778,1.0
30.333373447945768,58.45421164210147,18.841036083158688,34.001189865961315,1007.3055022550789,0.0
30.846477952228362,63.35585294111254,16.07698252728144,11.839957257533847,1011.7597861261,0.0
31.910794955187637,63.67455561191997,17.54134319837295,42.13894485877198,1002.3577999318265,0.0
28.243549437948214,59.449834551768085,34.63118853218163,70.0326365041712,1012.9015519134962,0.0
24.164409598415727,61.11805905999346,4.579435302507058,77.86909055048864,996.114948119315,0.0
25.733568432166614,88.97970755757075,23.62348324880554,64.2109820459557,1001.7995257753013,1.0
31.032544832541785,73.41379171911858,13.562762402998223,58.58681645603468,1019.7091124827688,0.0
20.91532164506382,60.56779522956259,16.436644522015047,57.59279296771931,1019.0379052027789,0.0
26.843366544364507,75.45431606766104,14.77243877349379,38.87762506478439,1009.0812323461313,1.0
23.033305938363196,59.99270765365985,12.878818333009782,47.3987941289276,1002.8223569092305,0.0
25.143724114674086,82.59686956379961,12.150835358806207,83.38139051652662,1002.7259644847398,1.0
31.392259313036494,70.54463288297141,16.647543677865045,31.148839884162474,1009.2673175405869,0.0
25.955495340099517,63.39046783993657,7.414131516641604,82.29557581419704,1019.445184916453,0.0
25.232182740780743,71.71575388715416,18.75289583760883,43.55943691015883,1022.2824569134433,0.0
18.200719295100406,41.43685771897251,12.91902797557373,76.50864218190156,1008.0346826451803,1.0
28.731267830136105,48.09848796635292,9.349653304798212,21.863699810049233,1001.4650757401522,0.0
28.227420905705376,47.091124904014166,12.749935710020932,61.71808402329298,1015.6784363786634,1.0
35.8162736165273,67.1441464214556,21.285746084312862,35.26459728104756,1004.7646502937415,0.0
23.461108825234994,90.98772499227638,12.323324564918885,21.69465616151625,1007.817473611388,1.0
26.095751638319694,98.46950219288948,16.7922680910481,54.37068084821891,1026.2527609043705,0.0
26.246918418553776,74.57076652161136,11.345218621422633,70.18943577191938,1021.2711542856576,1.0
32.887266398817374,72.51266712416685,18.7896092496181,33.10117122813007,1014.5797431225145,0.0
24.523522338065238,37.984133987708915,18.42753869395102,20.019680790831977,1000.2808099888728,0.0
26.395107628851697,56.859893003989676,24.243044166482058,48.163104713300896,1015.1139656747066,0.0
28.039482548582697,53.183243721376414,14.122180272503922,48.25129342445638,1023.6265729078752,0.0
25.93304561578179,55.68728602623326,18.343274023789533,60.966392551089974,1009.2436633423447,1.0
22.767831927247357,62.47784272122816,15.490337697694724,68.99189142728977,1026.511140899867,1.0
25.97044996449154,57.91864133454309,21.47935890931507,48.81169637455012,1025.9274528951821,0.0
30.36815874929886,35.310502844363185,11.405838061956349,87.11006629588526,1029.6373283214348,0.0
19.8674235029447,76.218653841763,18.725026564386404,54.48469489070584,1016.0524312653135,1.0
25.66484837073438,48.9088546139029,14.026513519416591,43.07146987986201,1018.8739169980602,0.0
21.499395925304135,68.58870296166724,14.67905911445751,17.76865281794344,1027.141872883311,0.0
30.975233144624212,96.1112400462496,15.458762422241865,44.746809593676645,1017.4739393706898,0.0
17.384065476081126,51.20923112620365,16.261201982133386,43.272261091777274,1007.9876589220979,0.0
22.205390763642058,27.045687158805052,14.41885478439021,69.2060959256294,1008.5145716347214,1.0
26.886059375322603,60.70993667179834,16.073565915852633,59.24967248133708,1015.3855495377373,0.0
32.827620146171704,81.51439452497857,22.890590287810923,26.412617567347656,1000.0943857805378,0.0
24.67124869463506,94.37521181330891,19.92724842807609,53.44508772822075,1011.567410846358,1.0
22.22400236653401,46.55675608321375,19.34577296248448,63.430623434581065,1023.9654711823025,0.0
34.40578534720295,72.45048834854782,12.722302369880646,80.56062718775665,991.0874614883472,0.0
17.75993049791878,58.0203431482992,10.55379585885838,67.75007934828119,1028.3448210179452,1.0
14.005970216899591,63.410774685437964,19.776502791188765,65.21693308622956,1024.2237421870316,0.0
27.20007225026666,104.66515020525551,19.380233962648973,51.201719892303274,1008.4023538416952,1.0
22.489728878236946,42.4554450740727,22.36335337875491,57.76624010846899,1018.4339082787181,0.0
19.893835914346433,68.8060949224186,11.980096870153853,74.99009801412318,1013.0314772690633,1.0
28.541782236496765,72.01539757648149,13.852256723198265,23.344452050407007,1025.299903684387,0.0
26.219003568855996,81.2867948740902,6.80257918737283,43.01121345566088,1022.8268314276994,0.0
22.179606846316357,66.46974730206342,13.037644469695636,34.548625024875186,998.9992927681699,1.0
18.59847800664553,69.62075809256153,19.982852552897235,57.583062374522484,1018.8726241346418,0.0
29.362286641400722,59.125271488673135,12.667523103859011,74.60444351301575,1010.9437214635675,1.0
28.251005889793305,69.0369041186766,18.20239897600412,38.06051426557852,1013.828325705181,0.0
24.504120681103085,59.85211586753884,14.047484470010943,2.1939126506112387,1005.7182809903019,0.0
34.23318498023833,74.32357834784077,16.620285141107804,41.7555850995106,1030.4813706912084,0.0
19.649576168369236,59.45584495934549,9.261543050921663,68.26947464034814,1023.4006181990258,0.0
17.372374145376305,70.6565059085328,15.426047248169505,60.75259805899759,1005.6022883602703,1.0
21.540459650593778,64.56105779472533,0.044320145496383745,58.56372495621152,999.6538939308977,0.0
24.77206991822251,81.89075376158252,14.065519209190075,44.4001339625104,1009.1432736902215,1.0
26.21669724661346,64.22909414617271,6.8476337814243,24.419385275604274,1017.345026460913,0.0
23.79381971071835,38.40451297689678,21.029972582734082,60.305886432489345,1015.4020584394623,0.0
26.760276982571483,83.92882251070988,18.887036763822557,33.3143637993075,1025.5313282476825,1.0
18.74230287904778,51.414015487060716,17.333354909830405,93.68193466760913,1020.8991972218085,0.0
32.2188230203663,55.1935049202677,22.6050311357969,61.41014416709032,1022.6956902575291,0.0
24.589244108037157,56.065080589347616,10.255417395875813,38.38703394892098,1016.2685540061044,0.0
30.586479157940637,85.61657139756227,23.736815989577792,37.772295052227435,999.1070126978901,0.0
26.71362673188852,32.96488679031957,19.660957821301924,48.14111586772823,1011.043014688531,0.0
27.283766095768918,112.0662280048999,13.81722356390527,45.209961559565,1023.6008973990866,1.0
27.84883640116102,80.84085213599077,20.67810073591472,72.3366755105991,1012.4847707147535,1.0
27.238542800086574,68.3485837119374,9.468532437941828,53.728323394880924,1018.0309036862375,0.0
28.21361379933772,64.1765899907557,10.877429192361632,35.36736522182944,1009.8125168475386,0.0
31.645762650662157,69.28331112286486,11.957051383801499,87.80881370311565,1002.7018815145816,1.0
25.98260584850735,72.81683642569007,12.355111459679923,50.986166630404455,1011.7665593595389,1.0
28.54501878794256,74.67823378925085,9.717211786198735,65.37679351937794,1016.0904744303266,0.0
24.551321528563868,73.33406699005172,21.115415335476627,37.83546985110482,1006.4431228053855,1.0
32.200586077247365,66.34371021882873,13.705727998150842,57.26231255489047,1010.6428875514333,0.0
21.61803848970365,62.03992369539011,16.762524841784398,56.22219982286391,1003.6053675801402,0.0
34.004702164554075,62.730900745197324,12.148243167931597,12.207014158076944,1024.192449175641,0.0
24.799210246778284,62.07637579470978,5.896983497257414,90.3055022092128,1010.0554424241196,0.0
17.84612448940976,82.00655145300597,16.35028679195711,75.81288921845095,1027.5275554512618,1.0
25.640522074553946,73.90335083421293,5.438725122901115,42.05609367708025,1028.2874785054091,0.0
21.594741712625595,20.894170480035797,14.656829769572656,27.95460519088289,1012.1895403527826,0.0
29.203217744943622,74.83851164794642,8.158424805835947,56.95123227607104,1002.9155126745266,1.0
21.736880103488044,67.92104292078162,24.936379996154038,51.73395398828793,992.1410212226666,0.0
22.769082833926102,64.71936865331153,19.556813610873608,57.11337897126459,998.2796292697321,0.0
15.552296345272346,59.17222320366671,15.528768956357402,53.83154792388179,999.2616517510133,0.0
22.738468403754617,81.86169079979021,21.318533388273345,60.12481978611852,1026.784696274615,1.0
12.880603366855217,79.21289693184286,10.768420112671322,78.94611398783613,1014.1582458722695,1.0
17.080485882571384,53.40683498264586,17.717396893350465,61.36206410257292,1016.8960452409199,1.0
28.802073280721487,71.10578430686803,15.999052168593568,29.006890021801176,990.7957899106488,1.0
28.92900079325416,50.42514898188071,16.32010040666835,77.25125705424904,1001.0203357078274,1.0
27.127287808924823,44.305727528166045,21.361767500533837,82.81229126976575,1021.8707977644628,0.0
20.165119284353935,55.59924163115052,18.66246051389901,113.0411346902417,1015.8677411238259,1.0
24.7614432192901,77.93590208574138,16.443618314125118,27.53011933520804,1011.527947213144,1.0
24.981987304547157,79.2968756806413,6.725562818858519,54.8576402630055,1018.6484235860012,0.0
19.208176554037287,72.6962813014594,10.199768523602682,8.358025936220258,1029.3579780613582,0.0
32.51699150883575,75.87643680271995,14.386455332021379,61.06298312758418,1010.7895753646295,0.0
29.386811452878355,72.74267430672438,15.466861871383257,39.03599403666455,1013.6936980265807,1.0
23.89517913085168,55.37777607165572,9.34898137663038,88.46891589649906,1014.9259691873131,0.0
25.134429194972654,71.47883817010911,27.058383377892106,34.507700599628365,1036.9210963527398,0.0
26.04191403973776,77.00614287841523,22.581970276267864,16.21633924065477,992.0064373558098,1.0
14.791325657878547,76.31436994720362,18.010591601962417,40.5747251859496,1019.832230147888,1.0
23.764113087397014,82.83370057211964,15.360184306418724,10.49024457565725,1011.8519775124093,0.0
21.590078760011007,75.62455770801596,13.938955150494241,65.0219890901462,1018.6677172618417,1.0
19.991899950525422,70.27172311312374,10.240407699888822,8.698339074873587,1006.4262744600528,1.0
23.594498535570224,81.05225357474642,15.387402592594313,50.569151623663174,1012.5103496914155,1.0
33.988432634247616,64.6021811112641,16.288762700713754,8.44376360287606,1020.114105794655,0.0
28.20421430633505,51.771880231584234,8.791197122591878,43.594043909267164,1044.1291020104384,0.0
22.144105051086015,62.553995540843545,16.670882086224488,82.86756311609068,1021.0803618940207,1.0
27.862913906780793,53.82646032790326,14.223704755876255,57.2129578287159,1004.5193440196949,0.0
